PFI,FEATURE_ID,PARENT_FEA,FEATURE_TY,FEATURE_SU,FEATURE_ST,NAME,NAME_LABEL,PARENT_NAM,CHILD_EXIS,AUTH_ORG_C,AUTH_ORG_I,AUTH_ORG_V,VMADD_PFI,VICNAMES_I,VICNAMES_S,THEME1,THEME2,STATE,CREATE_DAT,SUPERCEDED,CREATE_DA0,OBJECTID
134710,134710,,emergency facility,police station,,ALEXANDRA POLICE STATION,Alexandra Police Station,,,107,EAL,"""2021-04-20T00:00:00.000Z""",51913267,188,10,,,VIC,"""2009-05-21T00:00:00.000Z""",,"""2021-04-22T00:00:00.000Z""",1887916
134827,134827,,emergency facility,police station,,ANGLESEA POLICE STATION,Anglesea Police Station,,,107,WAG,"""2021-04-20T00:00:00.000Z""",53046487,392,10,,,VIC,"""2009-05-21T00:00:00.000Z""",,"""2021-04-22T00:00:00.000Z""",1887917
134850,134850,,emergency facility,police station,,APOLLO BAY POLICE STATION,Apollo Bay Police Station,,,107,WAB,"""2021-04-20T00:00:00.000Z""",127044959,454,10,,,VIC,"""2009-05-21T00:00:00.000Z""",,"""2021-04-22T00:00:00.000Z""",1887918
134862,134862,,emergency facility,police station,,APSLEY POLICE STATION,Apsley Police Station,,,107,WAS,"""2021-04-20T00:00:00.000Z""",54279590,474,10,,,VIC,"""2009-05-21T00:00:00.000Z""",,"""2021-04-22T00:00:00.000Z""",1887919
134873,134873,,emergency facility,police station,,ARARAT POLICE STATION,Ararat Police Station,,,107,WAR,"""2021-04-20T00:00:00.000Z""",134102501,496,10,,,VIC,"""2009-05-21T00:00:00.000Z""",,"""2021-04-22T00:00:00.000Z""",1887920
134933,134933,,emergency facility,police station,,ASHBURTON POLICE STATION,Ashburton Police Station,,,107,EAT,"""2021-04-20T00:00:00.000Z""",208619530,652,10,,,VIC,"""2009-05-21T00:00:00.000Z""",,"""2021-04-22T00:00:00.000Z""",1887921
134996,134996,,emergency facility,police station,,AVOCA POLICE STATION,Avoca Police Station,,,107,WAV,"""2021-04-20T00:00:00.000Z""",54602063,731,10,,,VIC,"""2009-05-21T00:00:00.000Z""",,"""2021-04-22T00:00:00.000Z""",1887922
135009,135009,,emergency facility,police station,,AVONDALE HEIGHTS POLICE STATION,Avondale Heights Police Station,,,107,NAH,"""2021-04-20T00:00:00.000Z""",53612905,748,10,,,VIC,"""2009-05-21T00:00:00.000Z""",,"""2021-04-22T00:00:00.000Z""",1887923
135019,135019,,emergency facility,police station,,AXEDALE POLICE STATION,Axedale Police Station,,,107,WAX,"""2021-04-20T00:00:00.000Z""",134118373,767,10,,,VIC,"""2009-05-21T00:00:00.000Z""",,"""2021-04-22T00:00:00.000Z""",1887924
135028,135028,,emergency facility,police station,,BACCHUS MARSH POLICE STATION,Bacchus Marsh Police Station,,,107,WBM,"""2021-04-20T00:00:00.000Z""",125629058,792,10,,,VIC,"""2009-05-21T00:00:00.000Z""",,"""2021-04-22T00:00:00.000Z""",1887925
135081,135081,,emergency facility,police station,,BALLAN POLICE STATION,Ballan Police Station,,,107,WBN,"""2021-04-20T00:00:00.000Z""",52237868,1035,10,,,VIC,"""2009-05-21T00:00:00.000Z""",,"""2021-04-22T00:00:00.000Z""",1887926
135086,135086,,emergency facility,police station,,BALLARAT POLICE STATION,Ballarat Police Station,,,107,WBA,"""2021-04-20T00:00:00.000Z""",135790503,1071,10,,,VIC,"""2009-05-21T00:00:00.000Z""",,"""2021-04-22T00:00:00.000Z""",1887927
135118,135118,,emergency facility,police station,,BALMORAL POLICE STATION,Balmoral Police Station,,,107,WBL,"""2021-04-20T00:00:00.000Z""",130656373,1118,10,,,VIC,"""2009-05-21T00:00:00.000Z""",,"""2021-04-22T00:00:00.000Z""",1887928
135159,135159,,emergency facility,police station,,BANNOCKBURN POLICE STATION,Bannockburn Police Station,,,107,WBB,"""2021-04-20T00:00:00.000Z""",203814436,1210,10,,,VIC,"""2009-05-21T00:00:00.000Z""",,"""2021-04-22T00:00:00.000Z""",1887929
135285,135285,,emergency facility,police station,,BEAUFORT POLICE STATION,Beaufort Police Station,,,107,WBF,"""2021-04-20T00:00:00.000Z""",53699774,1649,10,,,VIC,"""2009-05-21T00:00:00.000Z""",,"""2021-04-22T00:00:00.000Z""",1887930
135303,135303,,emergency facility,police station,,BEEAC POLICE STATION,Beeac Police Station,,,107,WBC,"""2021-04-20T00:00:00.000Z""",135942499,1689,10,,,VIC,"""2009-05-21T00:00:00.000Z""",,"""2021-04-22T00:00:00.000Z""",1887931
135306,135306,,emergency facility,police station,,BEECHWORTH POLICE STATION,Beechworth Police Station,,,107,EBC,"""2021-04-20T00:00:00.000Z""",54197461,1711,10,,,VIC,"""2009-05-21T00:00:00.000Z""",,"""2021-04-22T00:00:00.000Z""",1887932
135331,135331,,emergency facility,police station,,BELGRAVE POLICE STATION,Belgrave Police Station,,,107,EBV,"""2021-04-20T00:00:00.000Z""",150122817,1753,10,,,VIC,"""2009-05-21T00:00:00.000Z""",,"""2021-04-22T00:00:00.000Z""",1887933
135345,135345,,emergency facility,police station,,BELLARINE POLICE STATION,Bellarine Police Station,,,107,WBR,"""2021-04-20T00:00:00.000Z""",54745094,-1384120,11,,,VIC,"""2009-05-21T00:00:00.000Z""",,"""2021-04-22T00:00:00.000Z""",1887934
135404,135404,,emergency facility,police station,,BENALLA POLICE STATION,Benalla Police Station,,,107,EBN,"""2021-04-20T00:00:00.000Z""",53159841,1886,10,,,VIC,"""2009-05-21T00:00:00.000Z""",,"""2021-04-22T00:00:00.000Z""",1887935
135422,135422,,emergency facility,police station,,BENDIGO POLICE STATION,Bendigo Police Station,,,107,WBI,"""2021-04-20T00:00:00.000Z""",53667515,1926,10,,,VIC,"""2009-05-21T00:00:00.000Z""",,"""2021-04-22T00:00:00.000Z""",1887936
135441,135441,1020346,emergency facility,police station,,BENDOC POLICE STATION,Bendoc Police Station,BENDOC COMMUNITY RECREATION RESERVE,,107,EBE,"""2021-04-20T00:00:00.000Z""",54416657,1944,10,,,VIC,"""2009-05-21T00:00:00.000Z""",,"""2021-04-22T00:00:00.000Z""",1887937
135496,135496,,emergency facility,police station,,BETHANGA POLICE STATION,Bethanga Police Station,,,107,EBA,"""2021-04-20T00:00:00.000Z""",53164882,-1384105,11,,,VIC,"""2009-05-21T00:00:00.000Z""",,"""2021-04-22T00:00:00.000Z""",1887938
135508,135508,,emergency facility,police station,,BEULAH POLICE STATION,Beulah Police Station,,,107,WBH,"""2021-04-20T00:00:00.000Z""",54560166,2124,10,,,VIC,"""2009-05-21T00:00:00.000Z""",,"""2021-04-22T00:00:00.000Z""",1887939
135578,135578,,emergency facility,police station,,BIRCHIP POLICE STATION,Birchip Police Station,,,107,WBP,"""2021-04-20T00:00:00.000Z""",134108091,2323,10,,,VIC,"""2009-05-21T00:00:00.000Z""",,"""2021-04-22T00:00:00.000Z""",1887940
135589,135589,,emergency facility,police station,,BIRREGURRA POLICE STATION,Birregurra Police Station,,,107,WBG,"""2021-04-20T00:00:00.000Z""",53054503,2351,10,,,VIC,"""2009-05-21T00:00:00.000Z""",,"""2021-04-22T00:00:00.000Z""",1887941
135694,135694,,emergency facility,police station,,BOOLARRA POLICE STATION,Boolarra Police Station,,,107,EBR,"""2021-04-20T00:00:00.000Z""",53243826,2932,10,,,VIC,"""2009-05-21T00:00:00.000Z""",,"""2021-04-22T00:00:00.000Z""",1887942
135828,135828,,emergency facility,police station,,BRIGHT POLICE STATION,Bright Police Station,,,107,EBI,"""2021-04-20T00:00:00.000Z""",53396829,3423,10,,,VIC,"""2009-05-21T00:00:00.000Z""",,"""2021-04-22T00:00:00.000Z""",1887948
135863,135863,,emergency facility,police station,,BROADFORD POLICE STATION,Broadford Police Station,,,107,EBF,"""2021-04-20T00:00:00.000Z""",53678279,3507,10,,,VIC,"""2009-05-21T00:00:00.000Z""",,"""2021-04-22T00:00:00.000Z""",1887949
135712,135712,,emergency facility,police station,,BOORT POLICE STATION,Boort Police Station,,,107,WBT,"""2021-04-20T00:00:00.000Z""",53157469,2998,10,,,VIC,"""2009-05-21T00:00:00.000Z""",,"""2021-04-22T00:00:00.000Z""",1887943
135739,135739,,emergency facility,police station,,BOROONDARA POLICE STATION,Boroondara Police Station,,,107,EBB,"""2021-04-20T00:00:00.000Z""",54713765,-1384144,11,,,VIC,"""2009-05-21T00:00:00.000Z""",,"""2021-04-22T00:00:00.000Z""",1887944
135789,135789,,emergency facility,police station,,BRANXHOLME POLICE STATION,Branxholme Police Station,,,107,WBX,"""2021-04-20T00:00:00.000Z""",53996989,3288,10,,,VIC,"""2009-05-21T00:00:00.000Z""",,"""2021-04-22T00:00:00.000Z""",1887945
135807,135807,,emergency facility,police station,,BRIAGOLONG POLICE STATION,Briagolong Police Station,,,107,EBG,"""2021-04-20T00:00:00.000Z""",53260848,3357,10,,,VIC,"""2009-05-21T00:00:00.000Z""",,"""2021-04-22T00:00:00.000Z""",1887946
135868,135868,,emergency facility,police station,,BROADMEADOWS POLICE STATION,Broadmeadows Police Station,,,107,NBS,"""2021-04-20T00:00:00.000Z""",53578490,3518,10,,,VIC,"""2009-05-21T00:00:00.000Z""",,"""2021-04-22T00:00:00.000Z""",1887950
135916,135916,,emergency facility,police station,,BRUNSWICK POLICE STATION,Brunswick Police Station,,,107,NBW,"""2021-04-20T00:00:00.000Z""",50223825,3666,10,,,VIC,"""2009-05-21T00:00:00.000Z""",,"""2021-04-22T00:00:00.000Z""",1887951
135924,135924,,emergency facility,police station,,BRUTHEN POLICE STATION,Bruthen Police Station,,,107,EBT,"""2021-04-20T00:00:00.000Z""",134114462,3686,10,,,VIC,"""2009-05-21T00:00:00.000Z""",,"""2021-04-22T00:00:00.000Z""",1887952
135932,135932,,emergency facility,police station,,BUCHAN POLICE STATION,Buchan Police Station,,,107,EBX,"""2021-04-20T00:00:00.000Z""",134112276,3723,10,,,VIC,"""2009-05-21T00:00:00.000Z""",,"""2021-04-22T00:00:00.000Z""",1887953
135996,135996,,emergency facility,police station,,BUNINYONG POLICE STATION,Buninyong Police Station,,,107,WBY,"""2021-04-20T00:00:00.000Z""",52165898,4076,10,,,VIC,"""2009-05-21T00:00:00.000Z""",,"""2021-04-22T00:00:00.000Z""",1887954
136003,136003,,emergency facility,police station,,BUNYIP POLICE STATION,Bunyip Police Station,,,107,SBP,"""2021-04-20T00:00:00.000Z""",53405188,4101,10,,,VIC,"""2009-05-21T00:00:00.000Z""",,"""2021-04-22T00:00:00.000Z""",1887955
136043,136043,,emergency facility,police station,,BURWOOD POLICE STATION,Burwood Police Station,,,107,EBD,"""2021-04-20T00:00:00.000Z""",50234816,4255,10,,,VIC,"""2009-05-21T00:00:00.000Z""",,"""2021-04-22T00:00:00.000Z""",1887956
135820,135820,,emergency facility,police station,,BRIDGEWATER POLICE STATION,Bridgewater Police Station,,,107,WBD,"""2021-04-20T00:00:00.000Z""",52232932,3394,10,,,VIC,"""2009-05-21T00:00:00.000Z""",,"""2021-04-22T00:00:00.000Z""",1887947
137710,137710,,emergency facility,police station,,FAWKNER POLICE STATION,Fawkner Police Station,,,107,NFK,"""2021-04-20T00:00:00.000Z""",173679665,8929,10,,,VIC,"""2009-05-21T00:00:00.000Z""",,"""2021-04-22T00:00:00.000Z""",1888012
137766,137766,,emergency facility,police station,,FITZROY POLICE STATION,Fitzroy Police Station,,,107,NFZ,"""2021-04-20T00:00:00.000Z""",219088806,9127,10,,,VIC,"""2009-05-21T00:00:00.000Z""",,"""2021-04-22T00:00:00.000Z""",1888013
137773,137773,,emergency facility,police station,,FLEMINGTON POLICE STATION,Flemington Police Station,,,107,NFM,"""2021-04-20T00:00:00.000Z""",51466662,9204,10,,,VIC,"""2009-05-21T00:00:00.000Z""",,"""2021-04-22T00:00:00.000Z""",1888014
137790,137790,,emergency facility,police station,,FOOTSCRAY POLICE STATION,Footscray Police Station,,,107,NFC,"""2021-04-20T00:00:00.000Z""",219702148,9293,10,,,VIC,"""2009-05-21T00:00:00.000Z""",,"""2021-04-22T00:00:00.000Z""",1888015
137813,137813,,emergency facility,police station,,FORREST POLICE STATION,Forrest Police Station,,,107,WFO,"""2021-04-20T00:00:00.000Z""",218960902,9363,10,,,VIC,"""2009-05-21T00:00:00.000Z""",,"""2021-04-22T00:00:00.000Z""",1888016
137819,137819,,emergency facility,police station,,FOSTER POLICE STATION,Foster Police Station,,,107,EFS,"""2021-04-20T00:00:00.000Z""",53220154,9381,10,,,VIC,"""2009-05-21T00:00:00.000Z""",,"""2021-04-22T00:00:00.000Z""",1888017
137846,137846,,emergency facility,police station,,FRANKSTON POLICE STATION,Frankston Police Station,,,107,SFK,"""2021-04-20T00:00:00.000Z""",52075679,9472,10,,,VIC,"""2009-05-21T00:00:00.000Z""",,"""2021-04-22T00:00:00.000Z""",1888018
137915,137915,,emergency facility,police station,,GEELONG POLICE STATION,Geelong Police Station,,,107,WGL,"""2021-04-20T00:00:00.000Z""",426461773,9799,10,,,VIC,"""2009-05-21T00:00:00.000Z""",,"""2021-04-22T00:00:00.000Z""",1888019
137986,137986,,emergency facility,police station,,GISBORNE POLICE STATION,Gisborne Police Station,,,107,WGS,"""2021-04-20T00:00:00.000Z""",426094826,10026,10,,,VIC,"""2009-05-21T00:00:00.000Z""",,"""2021-04-22T00:00:00.000Z""",1888020
138052,138052,,emergency facility,police station,,GLEN WAVERLEY POLICE STATION,Glen Waverley Police Station,,,107,EGW,"""2021-04-20T00:00:00.000Z""",53009943,10088,10,,,VIC,"""2009-05-21T00:00:00.000Z""",,"""2021-04-22T00:00:00.000Z""",1888021
138181,138181,,emergency facility,police station,,GLENROWAN POLICE STATION,Glenrowan Police Station,,,107,EGE,"""2021-04-20T00:00:00.000Z""",134167961,10243,10,,,VIC,"""2009-05-21T00:00:00.000Z""",,"""2021-04-22T00:00:00.000Z""",1888022
138259,138259,,emergency facility,police station,,GOORNONG POLICE STATION,Goornong Police Station,,,107,WGN,"""2021-04-20T00:00:00.000Z""",428058845,10445,10,,,VIC,"""2009-05-21T00:00:00.000Z""",,"""2021-04-22T00:00:00.000Z""",1888023
138267,138267,,emergency facility,police station,,GORDON POLICE STATION,Gordon Police Station,,,107,WGR,"""2021-04-20T00:00:00.000Z""",125557792,10486,10,,,VIC,"""2009-05-21T00:00:00.000Z""",,"""2021-04-22T00:00:00.000Z""",1888024
138271,138271,,emergency facility,police station,,GOROKE POLICE STATION,Goroke Police Station,,,107,WGK,"""2021-04-20T00:00:00.000Z""",134177343,10513,10,,,VIC,"""2009-05-21T00:00:00.000Z""",,"""2021-04-22T00:00:00.000Z""",1888025
138380,138380,,emergency facility,police station,,GREENSBOROUGH POLICE STATION,Greensborough Police Station,,,107,NGB,"""2021-04-20T00:00:00.000Z""",53578579,10855,10,,,VIC,"""2009-05-21T00:00:00.000Z""",,"""2021-04-22T00:00:00.000Z""",1888026
138463,138463,,emergency facility,police station,,GUNBOWER POLICE STATION,Gunbower Police Station,,,107,WGO,"""2021-04-20T00:00:00.000Z""",134108215,11015,10,,,VIC,"""2009-05-21T00:00:00.000Z""",,"""2021-04-22T00:00:00.000Z""",1888027
138526,138526,,emergency facility,police station,,HALLS GAP POLICE STATION,Halls Gap Police Station,,,107,WHG,"""2021-04-20T00:00:00.000Z""",53888504,-1384127,11,,,VIC,"""2009-05-21T00:00:00.000Z""",,"""2021-04-22T00:00:00.000Z""",1888028
138531,138531,,emergency facility,police station,,HAMILTON POLICE STATION,Hamilton Police Station,,,107,WHA,"""2021-04-20T00:00:00.000Z""",134165315,11178,10,,,VIC,"""2009-05-21T00:00:00.000Z""",,"""2021-04-22T00:00:00.000Z""",1888029
138572,138572,,emergency facility,police station,,HARROW POLICE STATION,Harrow Police Station,,,107,WHR,"""2021-04-20T00:00:00.000Z""",129136733,11323,10,,,VIC,"""2009-05-21T00:00:00.000Z""",,"""2021-04-22T00:00:00.000Z""",1888030
138579,138579,,emergency facility,police station,,HASTINGS POLICE STATION,Hastings Police Station,,,107,SHS,"""2021-04-20T00:00:00.000Z""",53633890,11350,10,,,VIC,"""2009-05-21T00:00:00.000Z""",,"""2021-04-22T00:00:00.000Z""",1888031
138623,138623,,emergency facility,police station,,HEALESVILLE POLICE STATION,Healesville Police Station,,,107,EHV,"""2021-04-20T00:00:00.000Z""",52130484,11470,10,,,VIC,"""2009-05-21T00:00:00.000Z""",,"""2021-04-22T00:00:00.000Z""",1888032
138635,138635,,emergency facility,police station,,HEATHCOTE POLICE STATION,Heathcote Police Station,,,107,WHC,"""2021-04-20T00:00:00.000Z""",54052426,11496,10,,,VIC,"""2009-05-21T00:00:00.000Z""",,"""2021-04-22T00:00:00.000Z""",1888033
138662,138662,,emergency facility,police station,,HEIDELBERG POLICE STATION,Heidelberg Police Station,,,107,NHL,"""2021-04-20T00:00:00.000Z""",218748772,11549,10,,,VIC,"""2009-05-21T00:00:00.000Z""",,"""2021-04-22T00:00:00.000Z""",1888034
138698,138698,,emergency facility,police station,,HEYFIELD POLICE STATION,Heyfield Police Station,,,107,EHF,"""2021-04-20T00:00:00.000Z""",53398454,11657,10,,,VIC,"""2009-05-21T00:00:00.000Z""",,"""2021-04-22T00:00:00.000Z""",1888035
138704,138704,,emergency facility,police station,,HEYWOOD POLICE STATION,Heywood Police Station,,,107,WHY,"""2021-04-20T00:00:00.000Z""",129376414,11681,10,,,VIC,"""2009-05-21T00:00:00.000Z""",,"""2021-04-22T00:00:00.000Z""",1888036
138865,138865,,emergency facility,police station,,HOPETOUN POLICE STATION,Hopetoun Police Station,,,107,WHP,"""2021-04-20T00:00:00.000Z""",53369702,11945,10,,,VIC,"""2009-05-21T00:00:00.000Z""",,"""2021-04-22T00:00:00.000Z""",1888037
138880,138880,,emergency facility,police station,,HORSHAM POLICE STATION,Horsham Police Station,,,107,WHM,"""2021-04-20T00:00:00.000Z""",53653451,12044,10,,,VIC,"""2009-05-21T00:00:00.000Z""",,"""2021-04-22T00:00:00.000Z""",1888038
138927,138927,,emergency facility,police station,,HURSTBRIDGE POLICE STATION,Hurstbridge Police Station,,,107,NHB,"""2021-04-20T00:00:00.000Z""",52173172,12224,10,,,VIC,"""2009-05-21T00:00:00.000Z""",,"""2021-04-22T00:00:00.000Z""",1888039
138991,138991,,emergency facility,police station,,INGLEWOOD POLICE STATION,Inglewood Police Station,,,107,WIW,"""2021-04-20T00:00:00.000Z""",54281786,12298,10,,,VIC,"""2009-05-21T00:00:00.000Z""",,"""2021-04-22T00:00:00.000Z""",1888040
139008,139008,,emergency facility,police station,,INVERLEIGH POLICE STATION,Inverleigh Police Station,,,107,WIV,"""2021-04-20T00:00:00.000Z""",53173589,12323,10,,,VIC,"""2009-05-21T00:00:00.000Z""",,"""2021-04-22T00:00:00.000Z""",1888041
139011,139011,,emergency facility,police station,,INVERLOCH POLICE STATION,Inverloch Police Station,,,107,EIL,"""2021-04-20T00:00:00.000Z""",134182969,12328,10,,,VIC,"""2009-05-21T00:00:00.000Z""",,"""2021-04-22T00:00:00.000Z""",1888042
139086,139086,,emergency facility,police station,,JAMIESON POLICE STATION,Jamieson Police Station,,,107,EJM,"""2021-04-20T00:00:00.000Z""",54392589,12559,10,,,VIC,"""2009-05-21T00:00:00.000Z""",,"""2021-04-22T00:00:00.000Z""",1888043
139117,139117,,emergency facility,police station,,JEPARIT POLICE STATION,Jeparit Police Station,,,107,WJP,"""2021-04-20T00:00:00.000Z""",52231785,12656,10,,,VIC,"""2009-05-21T00:00:00.000Z""",,"""2021-04-22T00:00:00.000Z""",1888044
139251,139251,,emergency facility,police station,,KANIVA POLICE STATION,Kaniva Police Station,,,107,WKV,"""2021-04-20T00:00:00.000Z""",134177553,13097,10,,,VIC,"""2009-05-21T00:00:00.000Z""",,"""2021-04-22T00:00:00.000Z""",1888045
139316,139316,,emergency facility,police station,,KATAMATITE POLICE STATION,Katamatite Police Station,,,107,EKT,"""2021-04-20T00:00:00.000Z""",,13175,10,,,VIC,"""2009-05-21T00:00:00.000Z""",,"""2021-04-22T00:00:00.000Z""",1888046
139343,139343,,emergency facility,police station,,KEILOR DOWNS POLICE STATION,Keilor Downs Police Station,,,107,NKD,"""2021-04-20T00:00:00.000Z""",53427059,-1384138,11,,,VIC,"""2009-05-21T00:00:00.000Z""",,"""2021-04-22T00:00:00.000Z""",1888047
139398,139398,,emergency facility,police station,,KERANG POLICE STATION,Kerang Police Station,,,107,WKG,"""2021-04-20T00:00:00.000Z""",428761529,13385,10,,,VIC,"""2009-05-21T00:00:00.000Z""",,"""2021-04-22T00:00:00.000Z""",1888048
139501,139501,,emergency facility,police station,,KILMORE POLICE STATION,Kilmore Police Station,,,107,EKM,"""2021-04-20T00:00:00.000Z""",129627402,13543,10,,,VIC,"""2009-05-21T00:00:00.000Z""",,"""2021-04-22T00:00:00.000Z""",1888049
139522,139522,,emergency facility,police station,,KINGLAKE POLICE STATION,Kinglake Police Station,,,107,EKL,"""2021-04-20T00:00:00.000Z""",54662206,-1384118,11,,,VIC,"""2009-05-21T00:00:00.000Z""",,"""2021-04-22T00:00:00.000Z""",1888050
139579,139579,,emergency facility,police station,,KNOX POLICE STATION,Knox Police Station,,,107,EKX,"""2021-04-20T00:00:00.000Z""",207324733,-1384129,11,,,VIC,"""2009-05-21T00:00:00.000Z""",,"""2021-04-22T00:00:00.000Z""",1888051
140087,140087,,emergency facility,police station,,LORNE POLICE STATION,Lorne Police Station,,,107,WLO,"""2021-04-20T00:00:00.000Z""",54724502,15574,10,,,VIC,"""2009-05-21T00:00:00.000Z""",,"""2021-04-22T00:00:00.000Z""",1888073
140187,140187,,emergency facility,police station,,MACARTHUR POLICE STATION,Macarthur Police Station,,,107,WMT,"""2021-04-20T00:00:00.000Z""",134162800,15789,10,,,VIC,"""2009-05-21T00:00:00.000Z""",,"""2021-04-22T00:00:00.000Z""",1888074
140194,140194,,emergency facility,police station,,MACEDON POLICE STATION,Macedon Police Station,,,107,WMC,"""2021-04-20T00:00:00.000Z""",135381275,15801,10,,,VIC,"""2009-05-21T00:00:00.000Z""",,"""2021-04-22T00:00:00.000Z""",1888075
140215,140215,,emergency facility,police station,,MAFFRA POLICE STATION,Maffra Police Station,,,107,EMF,"""2021-04-20T00:00:00.000Z""",53260491,15876,10,,,VIC,"""2009-05-21T00:00:00.000Z""",,"""2021-04-22T00:00:00.000Z""",1888076
140251,140251,,emergency facility,police station,,MALLACOOTA POLICE STATION,Mallacoota Police Station,,,107,EMC,"""2021-04-20T00:00:00.000Z""",54499240,16019,10,,,VIC,"""2009-05-21T00:00:00.000Z""",,"""2021-04-22T00:00:00.000Z""",1888077
140262,140262,,emergency facility,police station,,MALMSBURY POLICE STATION,Malmsbury Police Station,,,107,WMA,"""2021-04-20T00:00:00.000Z""",135381779,16035,10,,,VIC,"""2009-05-21T00:00:00.000Z""",,"""2021-04-22T00:00:00.000Z""",1888078
140265,140265,,emergency facility,police station,,MALVERN POLICE STATION,Malvern Police Station,,,107,SMV,"""2021-04-20T00:00:00.000Z""",53474039,16055,10,,,VIC,"""2009-05-21T00:00:00.000Z""",,"""2021-04-22T00:00:00.000Z""",1888079
140273,140273,,emergency facility,police station,,MANANGATANG POLICE STATION,Manangatang Police Station,,,107,WMG,"""2021-04-20T00:00:00.000Z""",54246448,16071,10,,,VIC,"""2009-05-21T00:00:00.000Z""",,"""2021-04-22T00:00:00.000Z""",1888080
139603,139603,,emergency facility,police station,,KOO WEE RUP POLICE STATION,Koo Wee Rup Police Station,,,107,SKR,"""2021-04-20T00:00:00.000Z""",53658856,-1384128,11,,,VIC,"""2009-05-21T00:00:00.000Z""",,"""2021-04-22T00:00:00.000Z""",1888052
139621,139621,,emergency facility,police station,,KOONDROOK POLICE STATION,Koondrook Police Station,,,107,WKK,"""2021-04-20T00:00:00.000Z""",129379027,13827,10,,,VIC,"""2009-05-21T00:00:00.000Z""",,"""2021-04-22T00:00:00.000Z""",1888053
139656,139656,,emergency facility,police station,,KOROIT POLICE STATION,Koroit Police Station,,,107,WKO,"""2021-04-20T00:00:00.000Z""",53690616,13897,10,,,VIC,"""2009-05-21T00:00:00.000Z""",,"""2021-04-22T00:00:00.000Z""",1888054
139662,139662,,emergency facility,police station,,KORUMBURRA POLICE STATION,Korumburra Police Station,,,107,EKB,"""2021-04-20T00:00:00.000Z""",426468024,13926,10,,,VIC,"""2009-05-21T00:00:00.000Z""",,"""2021-04-22T00:00:00.000Z""",1888055
139698,139698,,emergency facility,police station,,KYABRAM POLICE STATION,Kyabram Police Station,,,107,WKA,"""2021-04-20T00:00:00.000Z""",129801942,14027,10,,,VIC,"""2009-05-21T00:00:00.000Z""",,"""2021-04-22T00:00:00.000Z""",1888056
139717,139717,,emergency facility,police station,,KYNETON POLICE STATION,Kyneton Police Station,,,107,WKY,"""2021-04-20T00:00:00.000Z""",131266285,14044,10,,,VIC,"""2009-05-21T00:00:00.000Z""",,"""2021-04-22T00:00:00.000Z""",1888057
139747,139747,,emergency facility,police station,,LAKE BOGA POLICE STATION,Lake Boga Police Station,,,107,WLG,"""2021-04-20T00:00:00.000Z""",54246335,14171,10,,,VIC,"""2009-05-21T00:00:00.000Z""",,"""2021-04-22T00:00:00.000Z""",1888058
139750,139750,,emergency facility,police station,,LAKE BOLAC POLICE STATION,Lake Bolac Police Station,,,107,WLB,"""2021-04-20T00:00:00.000Z""",134102417,14178,10,,,VIC,"""2009-05-21T00:00:00.000Z""",,"""2021-04-22T00:00:00.000Z""",1888059
139768,139768,,emergency facility,police station,,LAKES ENTRANCE POLICE STATION,Lakes Entrance Police Station,,,107,ELE,"""2021-04-20T00:00:00.000Z""",53627167,14494,10,,,VIC,"""2009-05-21T00:00:00.000Z""",,"""2021-04-22T00:00:00.000Z""",1888060
139799,139799,,emergency facility,police station,,LANCEFIELD POLICE STATION,Lancefield Police Station,,,107,WLF,"""2021-04-20T00:00:00.000Z""",425530172,14570,10,,,VIC,"""2009-05-21T00:00:00.000Z""",,"""2021-04-22T00:00:00.000Z""",1888061
139811,139811,,emergency facility,police station,,LANG LANG POLICE STATION,Lang Lang Police Station,,,107,SLL,"""2021-04-20T00:00:00.000Z""",52043561,14597,10,,,VIC,"""2009-05-21T00:00:00.000Z""",,"""2021-04-22T00:00:00.000Z""",1888063
139830,139830,,emergency facility,police station,,LARA POLICE STATION,Lara Police Station,,,107,WLA,"""2021-04-20T00:00:00.000Z""",53025077,14660,10,,,VIC,"""2009-05-21T00:00:00.000Z""",,"""2021-04-22T00:00:00.000Z""",1888064
139872,139872,,emergency facility,police station,,LAVERS HILL POLICE STATION,Lavers Hill Police Station,,,107,WLH,"""2021-04-20T00:00:00.000Z""",134110851,-1384137,11,,,VIC,"""2009-05-21T00:00:00.000Z""",,"""2021-04-22T00:00:00.000Z""",1888065
139877,139877,,emergency facility,police station,,LAVERTON POLICE STATION,Laverton Police Station,,,107,NLV,"""2021-04-20T00:00:00.000Z""",53612921,14734,10,,,VIC,"""2009-05-21T00:00:00.000Z""",,"""2021-04-22T00:00:00.000Z""",1888066
139900,139900,,emergency facility,police station,,LEARMONTH POLICE STATION,Learmonth Police Station,,,107,WLM,"""2021-04-20T00:00:00.000Z""",431846096,14785,10,,,VIC,"""2009-05-21T00:00:00.000Z""",,"""2021-04-22T00:00:00.000Z""",1888067
140307,140307,,emergency facility,police station,,MANSFIELD POLICE STATION,Mansfield Police Station,,,107,EMS,"""2021-04-20T00:00:00.000Z""",53337050,16126,10,,,VIC,"""2009-05-21T00:00:00.000Z""",,"""2021-04-22T00:00:00.000Z""",1888081
140392,140392,,emergency facility,police station,,MARYBOROUGH POLICE STATION,Maryborough Police Station,,,107,WMY,"""2021-04-20T00:00:00.000Z""",131791717,16292,10,,,VIC,"""2009-05-21T00:00:00.000Z""",,"""2021-04-22T00:00:00.000Z""",1888082
140488,140488,,emergency facility,police station,,MEENIYAN POLICE STATION,Meeniyan Police Station,,,107,EMI,"""2021-04-20T00:00:00.000Z""",134164536,16606,10,,,VIC,"""2009-05-21T00:00:00.000Z""",,"""2021-04-22T00:00:00.000Z""",1888083
139925,139925,,emergency facility,police station,,LEONGATHA POLICE STATION,Leongatha Police Station,,,107,ELH,"""2021-04-20T00:00:00.000Z""",53219189,14858,10,,,VIC,"""2009-05-21T00:00:00.000Z""",,"""2021-04-22T00:00:00.000Z""",1888068
139962,139962,,emergency facility,police station,,LILYDALE POLICE STATION,Lilydale Police Station,,,107,ELY,"""2021-04-20T00:00:00.000Z""",51507256,14982,10,,,VIC,"""2009-05-21T00:00:00.000Z""",,"""2021-04-22T00:00:00.000Z""",1888070
140505,140505,,emergency facility,police station,,MELBOURNE EAST POLICE STATION,Melbourne East Police Station,,,107,NME,"""2021-04-20T00:00:00.000Z""",209510609,-1384124,11,,,VIC,"""2009-05-21T00:00:00.000Z""",,"""2021-04-22T00:00:00.000Z""",1888084
140528,140528,,emergency facility,police station,,MELTON POLICE STATION,Melton Police Station,,,107,NMT,"""2021-04-20T00:00:00.000Z""",51114773,16661,10,,,VIC,"""2009-05-21T00:00:00.000Z""",,"""2021-04-22T00:00:00.000Z""",1888085
140562,140562,,emergency facility,police station,,MERBEIN POLICE STATION,Merbein Police Station,,,107,WMB,"""2021-04-20T00:00:00.000Z""",53389235,16711,10,,,VIC,"""2009-05-21T00:00:00.000Z""",,"""2021-04-22T00:00:00.000Z""",1888086
140573,140573,,emergency facility,police station,,MEREDITH POLICE STATION,Meredith Police Station,,,107,WMH,"""2021-04-20T00:00:00.000Z""",220581469,16726,10,,,VIC,"""2009-05-21T00:00:00.000Z""",,"""2021-04-22T00:00:00.000Z""",1888087
140588,140588,,emergency facility,police station,,MERINO POLICE STATION,Merino Police Station,,,107,WMI,"""2021-04-20T00:00:00.000Z""",54752760,16751,10,,,VIC,"""2009-05-21T00:00:00.000Z""",,"""2021-04-22T00:00:00.000Z""",1888088
140667,140667,,emergency facility,police station,,MILDURA POLICE STATION,Mildura Police Station,,,107,WML,"""2021-04-20T00:00:00.000Z""",425938301,16988,10,,,VIC,"""2009-05-21T00:00:00.000Z""",,"""2021-04-22T00:00:00.000Z""",1888089
140690,140690,,emergency facility,police station,,MILL PARK POLICE STATION,Mill Park Police Station,,,107,NMP,"""2021-04-20T00:00:00.000Z""",50626346,-1384115,11,,,VIC,"""2009-05-21T00:00:00.000Z""",,"""2021-04-22T00:00:00.000Z""",1888090
140741,140741,,emergency facility,police station,,MINYIP POLICE STATION,Minyip Police Station,,,107,WMN,"""2021-04-20T00:00:00.000Z""",129462089,17151,10,,,VIC,"""2009-05-21T00:00:00.000Z""",,"""2021-04-22T00:00:00.000Z""",1888091
140744,140744,,emergency facility,police station,,MIRBOO NORTH POLICE STATION,Mirboo North Police Station,,,107,EMN,"""2021-04-20T00:00:00.000Z""",53215737,17172,10,,,VIC,"""2009-05-21T00:00:00.000Z""",,"""2021-04-22T00:00:00.000Z""",1888092
139991,139991,,emergency facility,police station,,LINTON POLICE STATION,Linton Police Station,,,107,WLT,"""2021-04-20T00:00:00.000Z""",125188310,15055,10,,,VIC,"""2009-05-21T00:00:00.000Z""",,"""2021-04-22T00:00:00.000Z""",1888071
140004,140004,,emergency facility,police station,,LISMORE POLICE STATION,Lismore Police Station,,,107,WLS,"""2021-04-20T00:00:00.000Z""",128979617,15075,10,,,VIC,"""2009-05-21T00:00:00.000Z""",,"""2021-04-22T00:00:00.000Z""",1888072
140769,140769,,emergency facility,police station,,MITTA MITTA POLICE STATION,Mitta Mitta Police Station,,,107,EMM,"""2021-04-20T00:00:00.000Z""",54685832,17252,10,,,VIC,"""2009-05-21T00:00:00.000Z""",,"""2021-04-22T00:00:00.000Z""",1888093
140785,140785,,emergency facility,police station,,MOE POLICE STATION,Moe Police Station,,,107,EMO,"""2021-04-20T00:00:00.000Z""",100179642,17291,10,,,VIC,"""2009-05-21T00:00:00.000Z""",,"""2021-04-22T00:00:00.000Z""",1888094
140819,140819,,emergency facility,police station,,MONBULK POLICE STATION,Monbulk Police Station,,,107,EMK,"""2021-04-20T00:00:00.000Z""",51708379,17376,10,,,VIC,"""2009-05-21T00:00:00.000Z""",,"""2021-04-22T00:00:00.000Z""",1888095
140859,140859,,emergency facility,police station,,MOONEE PONDS POLICE STATION,Moonee Ponds Police Station,,,107,NMO,"""2021-04-20T00:00:00.000Z""",53466593,17513,10,,,VIC,"""2009-05-21T00:00:00.000Z""",,"""2021-04-22T00:00:00.000Z""",1888096
140868,140868,,emergency facility,police station,,MOORABBIN POLICE STATION,Moorabbin Police Station,,,107,SMB,"""2021-04-20T00:00:00.000Z""",53515747,17553,10,,,VIC,"""2009-05-21T00:00:00.000Z""",,"""2021-04-22T00:00:00.000Z""",1888097
140887,140887,,emergency facility,police station,,MOOROOLBARK POLICE STATION,Mooroolbark Police Station,,,107,EMB,"""2021-04-20T00:00:00.000Z""",50998874,17616,10,,,VIC,"""2009-05-21T00:00:00.000Z""",,"""2021-04-22T00:00:00.000Z""",1888098
140892,140892,,emergency facility,police station,,MOOROOPNA POLICE STATION,Mooroopna Police Station,,,107,EMP,"""2021-04-20T00:00:00.000Z""",,17631,10,,,VIC,"""2009-05-21T00:00:00.000Z""",,"""2021-04-22T00:00:00.000Z""",1888099
140905,140905,,emergency facility,police station,,MORDIALLOC POLICE STATION,Mordialloc Police Station,,,107,SMD,"""2021-04-20T00:00:00.000Z""",54724370,17670,10,,,VIC,"""2009-05-21T00:00:00.000Z""",,"""2021-04-22T00:00:00.000Z""",1888100
140920,140920,,emergency facility,police station,,MORNINGTON POLICE STATION,Mornington Police Station,,,107,SMT,"""2021-04-20T00:00:00.000Z""",206699276,17736,10,,,VIC,"""2009-05-21T00:00:00.000Z""",,"""2021-04-22T00:00:00.000Z""",1888101
140930,140930,,emergency facility,police station,,MORTLAKE POLICE STATION,Mortlake Police Station,,,107,WMK,"""2021-04-20T00:00:00.000Z""",54286085,17792,10,,,VIC,"""2009-05-21T00:00:00.000Z""",,"""2021-04-22T00:00:00.000Z""",1888102
140961,140961,,emergency facility,police station,,MOUNT BEAUTY POLICE STATION,Mount Beauty Police Station,,,107,EBY,"""2021-04-20T00:00:00.000Z""",131874824,17933,10,,,VIC,"""2009-05-21T00:00:00.000Z""",,"""2021-04-22T00:00:00.000Z""",1888103
141289,141289,,emergency facility,police station,,NARRE WARREN POLICE STATION,Narre Warren Police Station,,,107,SNW,"""2021-04-20T00:00:00.000Z""",50937797,-1384122,11,,,VIC,"""2009-05-21T00:00:00.000Z""",,"""2021-04-22T00:00:00.000Z""",1888114
140965,140965,,emergency facility,police station,,MOUNT BULLER POLICE STATION,Mount Buller Police Station,,,107,EMR,"""2021-04-20T00:00:00.000Z""",136021278,-1384121,11,,,VIC,"""2009-05-21T00:00:00.000Z""",,"""2021-04-22T00:00:00.000Z""",1888104
140984,140984,,emergency facility,police station,,MOUNT EVELYN POLICE STATION,Mount Evelyn Police Station,,,107,EME,"""2021-04-20T00:00:00.000Z""",150256729,18184,10,,,VIC,"""2009-05-21T00:00:00.000Z""",,"""2021-04-22T00:00:00.000Z""",1888105
140993,140993,,emergency facility,police station,,MOUNT HOTHAM POLICE STATION,Mount Hotham Police Station,,,107,EMZ,"""2021-04-20T00:00:00.000Z""",125399566,-1384104,11,,,VIC,"""2009-05-21T00:00:00.000Z""",,"""2021-04-22T00:00:00.000Z""",1888106
141028,141028,,emergency facility,police station,,MOUNT WAVERLEY POLICE STATION,Mount Waverley Police Station,,,107,EMW,"""2021-04-20T00:00:00.000Z""",50641633,-1384103,11,,,VIC,"""2009-05-21T00:00:00.000Z""",,"""2021-04-22T00:00:00.000Z""",1888107
141060,141060,,emergency facility,police station,,MOYHU POLICE STATION,Moyhu Police Station,,,107,EMY,"""2021-04-20T00:00:00.000Z""",134168723,18821,10,,,VIC,"""2009-05-21T00:00:00.000Z""",,"""2021-04-22T00:00:00.000Z""",1888108
141299,141299,,emergency facility,police station,,NATHALIA POLICE STATION,Nathalia Police Station,,,107,ENT,"""2021-04-20T00:00:00.000Z""",53167080,19438,10,,,VIC,"""2009-05-21T00:00:00.000Z""",,"""2021-04-22T00:00:00.000Z""",1888115
141130,141130,,emergency facility,police station,,MURCHISON POLICE STATION,Murchison Police Station,,,107,EMH,"""2021-04-20T00:00:00.000Z""",126272506,18960,10,,,VIC,"""2009-05-21T00:00:00.000Z""",,"""2021-04-22T00:00:00.000Z""",1888109
141303,141303,,emergency facility,police station,,NATIMUK POLICE STATION,Natimuk Police Station,,,107,WNA,"""2021-04-20T00:00:00.000Z""",134144862,19450,10,,,VIC,"""2009-05-21T00:00:00.000Z""",,"""2021-04-22T00:00:00.000Z""",1888116
141156,141156,,emergency facility,police station,,MURRAYVILLE POLICE STATION,Murrayville Police Station,,,107,WMV,"""2021-04-20T00:00:00.000Z""",129686368,19052,10,,,VIC,"""2009-05-21T00:00:00.000Z""",,"""2021-04-22T00:00:00.000Z""",1888110
141174,141174,,emergency facility,police station,,MURTOA POLICE STATION,Murtoa Police Station,,,107,WMR,"""2021-04-20T00:00:00.000Z""",134186844,19098,10,,,VIC,"""2009-05-21T00:00:00.000Z""",,"""2021-04-22T00:00:00.000Z""",1888111
141204,141204,,emergency facility,police station,,MYRTLEFORD POLICE STATION,Myrtleford Police Station,,,107,EMD,"""2021-04-20T00:00:00.000Z""",125090897,19208,10,,,VIC,"""2009-05-21T00:00:00.000Z""",,"""2021-04-22T00:00:00.000Z""",1888112
141331,141331,,emergency facility,police station,,NEERIM SOUTH POLICE STATION,Neerim South Police Station,,,107,ENS,"""2021-04-20T00:00:00.000Z""",51841523,19522,10,,,VIC,"""2009-05-21T00:00:00.000Z""",,"""2021-04-22T00:00:00.000Z""",1888117
141393,141393,,emergency facility,police station,,NEWSTEAD POLICE STATION,Newstead Police Station,,,107,WNE,"""2021-04-20T00:00:00.000Z""",53766195,19726,10,,,VIC,"""2009-05-21T00:00:00.000Z""",,"""2021-04-22T00:00:00.000Z""",1888118
141401,141401,,emergency facility,police station,,NHILL POLICE STATION,Nhill Police Station,,,107,WNL,"""2021-04-20T00:00:00.000Z""",126313542,19759,10,,,VIC,"""2009-05-21T00:00:00.000Z""",,"""2021-04-22T00:00:00.000Z""",1888119
141217,141217,,emergency facility,police station,,NAGAMBIE POLICE STATION,Nagambie Police Station,,,107,ENI,"""2021-04-20T00:00:00.000Z""",127523972,19244,10,,,VIC,"""2009-05-21T00:00:00.000Z""",,"""2021-04-22T00:00:00.000Z""",1888113
141488,141488,71753,emergency facility,police station,,NORTHCOTE POLICE STATION,Northcote Police Station,NORTHCOTE SHOPPING PLAZA,,107,NNC,"""2021-04-20T00:00:00.000Z""",218964621,20072,10,,,VIC,"""2009-05-21T00:00:00.000Z""",,"""2021-04-22T00:00:00.000Z""",1888120
141517,141517,,emergency facility,police station,,NUMURKAH POLICE STATION,Numurkah Police Station,,,107,ENM,"""2021-04-20T00:00:00.000Z""",54369549,20185,10,,,VIC,"""2009-05-21T00:00:00.000Z""",,"""2021-04-22T00:00:00.000Z""",1888121
141542,141542,,emergency facility,police station,,NYAH POLICE STATION,Nyah Police Station,,,107,WNY,"""2021-04-20T00:00:00.000Z""",54522274,-1384108,11,,,VIC,"""2009-05-21T00:00:00.000Z""",,"""2021-04-22T00:00:00.000Z""",1888122
141572,141572,,emergency facility,police station,,OAKLEIGH POLICE STATION,Oakleigh Police Station,,,107,EOL,"""2021-04-20T00:00:00.000Z""",52174251,20330,10,,,VIC,"""2009-05-21T00:00:00.000Z""",,"""2021-04-22T00:00:00.000Z""",1888123
141642,141642,,emergency facility,police station,,OLINDA POLICE STATION,Olinda Police Station,,,107,EOD,"""2021-04-20T00:00:00.000Z""",207947081,20440,10,,,VIC,"""2009-05-21T00:00:00.000Z""",,"""2021-04-22T00:00:00.000Z""",1888124
141657,141657,,emergency facility,police station,,OMEO POLICE STATION,Omeo Police Station,,,107,EOM,"""2021-04-20T00:00:00.000Z""",54401634,20469,10,,,VIC,"""2009-05-21T00:00:00.000Z""",,"""2021-04-22T00:00:00.000Z""",1888125
141678,141678,,emergency facility,police station,,ORBOST POLICE STATION,Orbost Police Station,,,107,EOB,"""2021-04-20T00:00:00.000Z""",52115363,20532,10,,,VIC,"""2009-05-21T00:00:00.000Z""",,"""2021-04-22T00:00:00.000Z""",1888126
141735,141735,,emergency facility,police station,,OUYEN POLICE STATION,Ouyen Police Station,,,107,WOY,"""2021-04-20T00:00:00.000Z""",134155082,20607,10,,,VIC,"""2009-05-21T00:00:00.000Z""",,"""2021-04-22T00:00:00.000Z""",1888127
141763,141763,,emergency facility,police station,,PAKENHAM POLICE STATION,Pakenham Police Station,,,107,SPK,"""2021-04-20T00:00:00.000Z""",150312497,-1384139,11,,,VIC,"""2009-05-21T00:00:00.000Z""",,"""2021-04-22T00:00:00.000Z""",1888128
141900,141900,,emergency facility,police station,,PENSHURST POLICE STATION,Penshurst Police Station,,,107,WPT,"""2021-04-20T00:00:00.000Z""",130522738,21020,10,,,VIC,"""2009-05-21T00:00:00.000Z""",,"""2021-04-22T00:00:00.000Z""",1888129
141939,141939,,emergency facility,police station,,PIANGIL POLICE STATION,Piangil Police Station,,,107,WPG,"""2021-04-20T00:00:00.000Z""",134166620,21158,10,,,VIC,"""2009-05-21T00:00:00.000Z""",,"""2021-04-22T00:00:00.000Z""",1888130
142048,142048,,emergency facility,police station,,PORT CAMPBELL POLICE STATION,Port Campbell Police Station,,,107,WPC,"""2021-04-20T00:00:00.000Z""",52174511,21638,10,,,VIC,"""2009-05-21T00:00:00.000Z""",,"""2021-04-22T00:00:00.000Z""",1888131
142051,142051,,emergency facility,police station,,PORT FAIRY POLICE STATION,Port Fairy Police Station,,,107,WPF,"""2021-04-20T00:00:00.000Z""",53358618,21647,10,,,VIC,"""2009-05-21T00:00:00.000Z""",,"""2021-04-22T00:00:00.000Z""",1888132
142330,142330,,emergency facility,police station,,RIDDELLS CREEK POLICE STATION,Riddells Creek Police Station,,,107,WRD,"""2021-04-20T00:00:00.000Z""",53162611,22597,10,,,VIC,"""2009-05-21T00:00:00.000Z""",,"""2021-04-22T00:00:00.000Z""",1888147
142337,142337,,emergency facility,police station,,RINGWOOD POLICE STATION,Ringwood Police Station,,,107,ERW,"""2021-04-20T00:00:00.000Z""",51102757,22645,10,,,VIC,"""2009-05-21T00:00:00.000Z""",,"""2021-04-22T00:00:00.000Z""",1888148
142415,142415,,emergency facility,police station,,ROBINVALE POLICE STATION,Robinvale Police Station,,,107,WRN,"""2021-04-20T00:00:00.000Z""",129517012,22765,10,,,VIC,"""2009-05-21T00:00:00.000Z""",,"""2021-04-22T00:00:00.000Z""",1888149
142060,142060,,emergency facility,police station,,PORTARLINGTON POLICE STATION,Portarlington Police Station,,,107,WPA,"""2021-04-20T00:00:00.000Z""",212177510,21667,10,,,VIC,"""2009-05-21T00:00:00.000Z""",,"""2021-04-22T00:00:00.000Z""",1888133
142064,142064,,emergency facility,police station,,PORTLAND POLICE STATION,Portland Police Station,,,107,WPL,"""2021-04-20T00:00:00.000Z""",53162575,21687,10,,,VIC,"""2009-05-21T00:00:00.000Z""",,"""2021-04-22T00:00:00.000Z""",1888134
142425,142425,,emergency facility,police station,,ROCHESTER POLICE STATION,Rochester Police Station,,,107,WRC,"""2021-04-20T00:00:00.000Z""",53165285,22783,10,,,VIC,"""2009-05-21T00:00:00.000Z""",,"""2021-04-22T00:00:00.000Z""",1888150
142083,142083,,emergency facility,police station,,PRAHRAN POLICE STATION,Prahran Police Station,,,107,SPH,"""2021-04-20T00:00:00.000Z""",53656244,21779,10,,,VIC,"""2009-05-21T00:00:00.000Z""",,"""2021-04-22T00:00:00.000Z""",1888135
142474,142474,,emergency facility,police station,,ROKEWOOD POLICE STATION,Rokewood Police Station,,,107,WRK,"""2021-04-20T00:00:00.000Z""",53372484,22885,10,,,VIC,"""2009-05-21T00:00:00.000Z""",,"""2021-04-22T00:00:00.000Z""",1888151
142486,142486,,emergency facility,police station,,ROMSEY POLICE STATION,Romsey Police Station,,,107,WRS,"""2021-04-20T00:00:00.000Z""",135627618,22899,10,,,VIC,"""2009-05-21T00:00:00.000Z""",,"""2021-04-22T00:00:00.000Z""",1888152
142096,142096,,emergency facility,police station,,PRESTON POLICE STATION,Preston Police Station,,,107,NPS,"""2021-04-20T00:00:00.000Z""",150677292,21809,10,,,VIC,"""2009-05-21T00:00:00.000Z""",,"""2021-04-22T00:00:00.000Z""",1888136
142520,142520,,emergency facility,police station,,ROSEBUD POLICE STATION,Rosebud Police Station,,,107,SRO,"""2021-04-20T00:00:00.000Z""",211914608,22945,10,,,VIC,"""2009-05-21T00:00:00.000Z""",,"""2021-04-22T00:00:00.000Z""",1888153
142528,142528,,emergency facility,police station,,ROSEDALE POLICE STATION,Rosedale Police Station,,,107,ERL,"""2021-04-20T00:00:00.000Z""",53261555,22958,10,,,VIC,"""2009-05-21T00:00:00.000Z""",,"""2021-04-22T00:00:00.000Z""",1888154
142159,142159,,emergency facility,police station,,PYALONG POLICE STATION,Pyalong Police Station,,,107,EPY,"""2021-04-20T00:00:00.000Z""",432149373,21952,10,,,VIC,"""2009-05-21T00:00:00.000Z""",,"""2021-04-22T00:00:00.000Z""",1888137
142580,142580,,emergency facility,police station,,ROWVILLE POLICE STATION,Rowville Police Station,,,107,ERV,"""2021-04-20T00:00:00.000Z""",150692072,-1384098,11,,,VIC,"""2009-05-21T00:00:00.000Z""",,"""2021-04-22T00:00:00.000Z""",1888155
142163,142163,,emergency facility,police station,,PYRAMID HILL POLICE STATION,Pyramid Hill Police Station,,,107,WPH,"""2021-04-20T00:00:00.000Z""",54443754,21972,10,,,VIC,"""2009-05-21T00:00:00.000Z""",,"""2021-04-22T00:00:00.000Z""",1888138
142783,142783,,emergency facility,police station,,RUPANYUP POLICE STATION,Rupanyup Police Station,,,107,WRY,"""2021-04-20T00:00:00.000Z""",54275108,23183,10,,,VIC,"""2009-05-21T00:00:00.000Z""",,"""2021-04-22T00:00:00.000Z""",1888156
142792,142792,,emergency facility,police station,,RUSHWORTH POLICE STATION,Rushworth Police Station,,,107,WRH,"""2021-04-20T00:00:00.000Z""",432835312,23201,10,,,VIC,"""2009-05-21T00:00:00.000Z""",,"""2021-04-22T00:00:00.000Z""",1888157
142797,142797,,emergency facility,police station,,RUTHERGLEN POLICE STATION,Rutherglen Police Station,,,107,ERG,"""2021-04-20T00:00:00.000Z""",134145309,23237,10,,,VIC,"""2009-05-21T00:00:00.000Z""",,"""2021-04-22T00:00:00.000Z""",1888158
142169,142169,,emergency facility,police station,,QUAMBATOOK POLICE STATION,Quambatook Police Station,,,107,WQM,"""2021-04-20T00:00:00.000Z""",100220545,21996,10,,,VIC,"""2009-05-21T00:00:00.000Z""",,"""2021-04-22T00:00:00.000Z""",1888139
142810,142810,,emergency facility,police station,,RYE POLICE STATION,Rye Police Station,,,107,SRY,"""2021-04-20T00:00:00.000Z""",53632841,23275,10,,,VIC,"""2009-05-21T00:00:00.000Z""",,"""2021-04-22T00:00:00.000Z""",1888159
142833,142833,,emergency facility,police station,,SALE POLICE STATION,Sale Police Station,,,107,ESL,"""2021-04-20T00:00:00.000Z""",125363204,23456,10,,,VIC,"""2009-05-21T00:00:00.000Z""",,"""2021-04-22T00:00:00.000Z""",1888160
142860,142860,,emergency facility,police station,,SAN REMO POLICE STATION,San Remo Police Station,,,107,ESN,"""2021-04-20T00:00:00.000Z""",132323134,-1384101,11,,,VIC,"""2009-05-21T00:00:00.000Z""",,"""2021-04-22T00:00:00.000Z""",1888161
142914,142914,,emergency facility,police station,,SEA LAKE POLICE STATION,Sea Lake Police Station,,,107,WSA,"""2021-04-20T00:00:00.000Z""",53034482,23893,10,,,VIC,"""2009-05-21T00:00:00.000Z""",,"""2021-04-22T00:00:00.000Z""",1888162
142181,142181,,emergency facility,police station,,QUEENSCLIFF POLICE STATION,Queenscliff Police Station,,,107,WQC,"""2021-04-20T00:00:00.000Z""",53631929,22053,10,,,VIC,"""2009-05-21T00:00:00.000Z""",,"""2021-04-22T00:00:00.000Z""",1888140
142206,142206,,emergency facility,police station,,RAINBOW POLICE STATION,Rainbow Police Station,,,107,WRW,"""2021-04-20T00:00:00.000Z""",429254821,22140,10,,,VIC,"""2009-05-21T00:00:00.000Z""",,"""2021-04-22T00:00:00.000Z""",1888141
142237,142237,650581,emergency facility,police station,,RAWSON POLICE STATION,Rawson Police Station,CROXFORD PARK,,107,ERN,"""2021-04-20T00:00:00.000Z""",125764494,22207,10,,,VIC,"""2009-05-21T00:00:00.000Z""",,"""2021-04-22T00:00:00.000Z""",1888142
142947,142947,,emergency facility,police station,,SERPENTINE POLICE STATION,Serpentine Police Station,,,107,WSR,"""2021-04-20T00:00:00.000Z""",129394144,-1384119,11,,,VIC,"""2009-05-21T00:00:00.000Z""",,"""2021-04-22T00:00:00.000Z""",1888163
142957,142957,,emergency facility,police station,,SEYMOUR POLICE STATION,Seymour Police Station,,,107,ESY,"""2021-04-20T00:00:00.000Z""",134157318,24061,10,,,VIC,"""2009-05-21T00:00:00.000Z""",,"""2021-04-22T00:00:00.000Z""",1888164
142240,142240,,emergency facility,police station,,RAYWOOD POLICE STATION,Raywood Police Station,,,107,WRA,"""2021-04-20T00:00:00.000Z""",134118319,22224,10,,,VIC,"""2009-05-21T00:00:00.000Z""",,"""2021-04-22T00:00:00.000Z""",1888143
142998,142998,,emergency facility,police station,,SHEPPARTON POLICE STATION,Shepparton Police Station,,,107,ESP,"""2021-04-20T00:00:00.000Z""",425956877,24262,10,,,VIC,"""2009-05-21T00:00:00.000Z""",,"""2021-04-22T00:00:00.000Z""",1888165
142248,142248,,emergency facility,police station,,RED CLIFFS POLICE STATION,Red Cliffs Police Station,,,107,WRE,"""2021-04-20T00:00:00.000Z""",53379542,22271,10,,,VIC,"""2009-05-21T00:00:00.000Z""",,"""2021-04-22T00:00:00.000Z""",1888144
143063,143063,,emergency facility,police station,,SKIPTON POLICE STATION,Skipton Police Station,,,107,WSI,"""2021-04-20T00:00:00.000Z""",53987047,24453,10,,,VIC,"""2009-05-21T00:00:00.000Z""",,"""2021-04-22T00:00:00.000Z""",1888166
143080,143080,,emergency facility,police station,,SMYTHESDALE POLICE STATION,Smythesdale Police Station,,,107,WSL,"""2021-04-20T00:00:00.000Z""",53375910,24589,10,,,VIC,"""2009-05-21T00:00:00.000Z""",,"""2021-04-22T00:00:00.000Z""",1888167
143122,143122,,emergency facility,police station,,SORRENTO POLICE STATION,Sorrento Police Station,,,107,SSO,"""2021-04-20T00:00:00.000Z""",54627602,24707,10,,,VIC,"""2009-05-21T00:00:00.000Z""",,"""2021-04-22T00:00:00.000Z""",1888168
142297,142297,,emergency facility,police station,,RESERVOIR POLICE STATION,Reservoir Police Station,,,107,NRR,"""2021-04-20T00:00:00.000Z""",429470866,-1939526,10,,,VIC,"""2009-05-21T00:00:00.000Z""",,"""2021-04-22T00:00:00.000Z""",1888145
143145,143145,,emergency facility,police station,,SOUTH MELBOURNE POLICE STATION,South Melbourne Police Station,,,107,SSM,"""2021-04-20T00:00:00.000Z""",53658716,24759,10,,,VIC,"""2009-05-21T00:00:00.000Z""",,"""2021-04-22T00:00:00.000Z""",1888169
143181,143181,,emergency facility,police station,,SPEED POLICE STATION,Speed Police Station,,,107,WSE,"""2021-04-20T00:00:00.000Z""",54304708,24836,10,,,VIC,"""2009-05-21T00:00:00.000Z""",,"""2021-04-22T00:00:00.000Z""",1888170
143230,143230,,emergency facility,police station,,SPRINGVALE POLICE STATION,Springvale Police Station,,,107,SSV,"""2021-04-20T00:00:00.000Z""",202935965,25014,10,,,VIC,"""2009-05-21T00:00:00.000Z""",,"""2021-04-22T00:00:00.000Z""",1888171
143293,143293,,emergency facility,police station,,ST ARNAUD POLICE STATION,St Arnaud Police Station,,,107,WSD,"""2021-04-20T00:00:00.000Z""",54240450,103666,10,,,VIC,"""2009-05-21T00:00:00.000Z""",,"""2021-04-22T00:00:00.000Z""",1888172
143510,143510,,emergency facility,police station,,ST KILDA POLICE STATION,St Kilda Police Station,,,107,SSK,"""2021-04-20T00:00:00.000Z""",53151982,103689,10,,,VIC,"""2009-05-21T00:00:00.000Z""",,"""2021-04-22T00:00:00.000Z""",1888173
143741,143741,,emergency facility,police station,,STANHOPE POLICE STATION,Stanhope Police Station,,,107,WST,"""2021-04-20T00:00:00.000Z""",422299299,25069,10,,,VIC,"""2009-05-21T00:00:00.000Z""",,"""2021-04-22T00:00:00.000Z""",1888174
143755,143755,,emergency facility,police station,,STAWELL POLICE STATION,Stawell Police Station,,,107,WSW,"""2021-04-20T00:00:00.000Z""",54242418,25137,10,,,VIC,"""2009-05-21T00:00:00.000Z""",,"""2021-04-22T00:00:00.000Z""",1888175
143814,143814,,emergency facility,police station,,STRATFORD POLICE STATION,Stratford Police Station,,,107,ESF,"""2021-04-20T00:00:00.000Z""",54412890,25420,10,,,VIC,"""2009-05-21T00:00:00.000Z""",,"""2021-04-22T00:00:00.000Z""",1888176
143880,143880,,emergency facility,police station,,SUNBURY POLICE STATION,Sunbury Police Station,,,107,NSB,"""2021-04-20T00:00:00.000Z""",52167076,25628,10,,,VIC,"""2009-05-21T00:00:00.000Z""",,"""2021-04-22T00:00:00.000Z""",1888177
143925,143925,,emergency facility,police station,,SUNSHINE POLICE STATION,Sunshine Police Station,,,107,NSS,"""2021-04-20T00:00:00.000Z""",151489819,25680,10,,,VIC,"""2009-05-21T00:00:00.000Z""",,"""2021-04-22T00:00:00.000Z""",1888178
143960,143960,,emergency facility,police station,,SWAN HILL POLICE STATION,Swan Hill Police Station,,,107,WSH,"""2021-04-20T00:00:00.000Z""",131487026,25779,10,,,VIC,"""2009-05-21T00:00:00.000Z""",,"""2021-04-22T00:00:00.000Z""",1888179
142321,142321,,emergency facility,police station,,RICHMOND POLICE STATION,Richmond Police Station,,,107,NRM,"""2021-04-20T00:00:00.000Z""",54025919,22579,10,,,VIC,"""2009-05-21T00:00:00.000Z""",,"""2021-04-22T00:00:00.000Z""",1888146
143985,143985,,emergency facility,police station,,SWIFTS CREEK POLICE STATION,Swifts Creek Police Station,,,107,ESC,"""2021-04-20T00:00:00.000Z""",134112776,25832,10,,,VIC,"""2009-05-21T00:00:00.000Z""",,"""2021-04-22T00:00:00.000Z""",1888180
136105,136105,,emergency facility,police station,,CAMBERWELL POLICE STATION,Camberwell Police Station,,,107,ECL,"""2021-04-20T00:00:00.000Z""",52128332,4460,10,,,VIC,"""2009-05-21T00:00:00.000Z""",,"""2021-04-22T00:00:00.000Z""",1887957
136128,136128,,emergency facility,police station,,CAMPERDOWN POLICE STATION,Camperdown Police Station,,,107,WCD,"""2021-04-20T00:00:00.000Z""",51126532,4580,10,,,VIC,"""2009-05-21T00:00:00.000Z""",,"""2021-04-22T00:00:00.000Z""",1887958
136150,136150,,emergency facility,police station,,CANN RIVER POLICE STATION,Cann River Police Station,,,107,ECR,"""2021-04-20T00:00:00.000Z""",135380642,4622,10,,,VIC,"""2009-05-21T00:00:00.000Z""",,"""2021-04-22T00:00:00.000Z""",1887959
136248,136248,,emergency facility,police station,,CAROLINE SPRINGS POLICE STATION,Caroline Springs Police Station,,,107,NCL,"""2021-04-20T00:00:00.000Z""",210240531,-1384112,11,,,VIC,"""2009-05-21T00:00:00.000Z""",,"""2021-04-22T00:00:00.000Z""",1887960
136295,136295,,emergency facility,police station,,CASTERTON POLICE STATION,Casterton Police Station,,,107,WCT,"""2021-04-20T00:00:00.000Z""",54297756,4945,10,,,VIC,"""2009-05-21T00:00:00.000Z""",,"""2021-04-22T00:00:00.000Z""",1887961
136302,136302,,emergency facility,police station,,CASTLEMAINE POLICE STATION,Castlemaine Police Station,,,107,WCM,"""2021-04-20T00:00:00.000Z""",53306263,4973,10,,,VIC,"""2009-05-21T00:00:00.000Z""",,"""2021-04-22T00:00:00.000Z""",1887962
136336,136336,,emergency facility,police station,,CAULFIELD POLICE STATION,Caulfield Police Station,,,107,SCF,"""2021-04-20T00:00:00.000Z""",53666217,5037,10,,,VIC,"""2009-05-21T00:00:00.000Z""",,"""2021-04-22T00:00:00.000Z""",1887963
136352,136352,,emergency facility,police station,,CAVENDISH POLICE STATION,Cavendish Police Station,,,107,WCV,"""2021-04-20T00:00:00.000Z""",132914321,5066,10,,,VIC,"""2009-05-21T00:00:00.000Z""",,"""2021-04-22T00:00:00.000Z""",1887964
136402,136402,,emergency facility,police station,,CHARLTON POLICE STATION,Charlton Police Station,,,107,WCN,"""2021-04-20T00:00:00.000Z""",53140854,5288,10,,,VIC,"""2009-05-21T00:00:00.000Z""",,"""2021-04-22T00:00:00.000Z""",1887965
136415,136415,,emergency facility,police station,,CHELSEA POLICE STATION,Chelsea Police Station,,,107,SCS,"""2021-04-20T00:00:00.000Z""",54544628,5315,10,,,VIC,"""2009-05-21T00:00:00.000Z""",,"""2021-04-22T00:00:00.000Z""",1887966
136423,136423,,emergency facility,police station,,CHELTENHAM POLICE STATION,Cheltenham Police Station,,,107,SCH,"""2021-04-20T00:00:00.000Z""",219021082,5327,10,,,VIC,"""2009-05-21T00:00:00.000Z""",,"""2021-04-22T00:00:00.000Z""",1887967
136446,136446,,emergency facility,police station,,CHILTERN POLICE STATION,Chiltern Police Station,,,107,ECT,"""2021-04-20T00:00:00.000Z""",420340490,5409,10,,,VIC,"""2009-05-21T00:00:00.000Z""",,"""2021-04-22T00:00:00.000Z""",1887968
136480,136480,,emergency facility,police station,,CHURCHILL POLICE STATION,Churchill Police Station,,,107,ECC,"""2021-04-20T00:00:00.000Z""",54567498,5515,10,,,VIC,"""2009-05-21T00:00:00.000Z""",,"""2021-04-22T00:00:00.000Z""",1887969
136518,136518,,emergency facility,police station,,CLAYTON POLICE STATION,Clayton Police Station,,,107,ECY,"""2021-04-20T00:00:00.000Z""",52154682,5585,10,,,VIC,"""2009-05-21T00:00:00.000Z""",,"""2021-04-22T00:00:00.000Z""",1887970
136567,136567,,emergency facility,police station,,CLUNES POLICE STATION,Clunes Police Station,,,107,WCU,"""2021-04-20T00:00:00.000Z""",134125057,5691,10,,,VIC,"""2009-05-21T00:00:00.000Z""",,"""2021-04-22T00:00:00.000Z""",1887971
136593,136593,,emergency facility,police station,,COBDEN POLICE STATION,Cobden Police Station,,,107,WCB,"""2021-04-20T00:00:00.000Z""",53976506,5754,10,,,VIC,"""2009-05-21T00:00:00.000Z""",,"""2021-04-22T00:00:00.000Z""",1887972
136599,136599,,emergency facility,police station,,COBRAM POLICE STATION,Cobram Police Station,,,107,ECB,"""2021-04-20T00:00:00.000Z""",54403234,5776,10,,,VIC,"""2009-05-21T00:00:00.000Z""",,"""2021-04-22T00:00:00.000Z""",1887973
136628,136628,,emergency facility,police station,,COHUNA POLICE STATION,Cohuna Police Station,,,107,WCH,"""2021-04-20T00:00:00.000Z""",53749368,5872,10,,,VIC,"""2009-05-21T00:00:00.000Z""",,"""2021-04-22T00:00:00.000Z""",1887974
136638,136638,,emergency facility,police station,,COLAC POLICE STATION,Colac Police Station,,,107,WCC,"""2021-04-20T00:00:00.000Z""",134110854,5899,10,,,VIC,"""2009-05-21T00:00:00.000Z""",,"""2021-04-22T00:00:00.000Z""",1887975
136662,136662,,emergency facility,police station,,COLERAINE POLICE STATION,Coleraine Police Station,,,107,WCE,"""2021-04-20T00:00:00.000Z""",50008536,-1384117,11,,,VIC,"""2009-05-21T00:00:00.000Z""",,"""2021-04-22T00:00:00.000Z""",1887976
136672,136672,,emergency facility,police station,,COLLINGWOOD POLICE STATION,Collingwood Police Station,,,107,NCW,"""2021-04-20T00:00:00.000Z""",219089160,5975,10,,,VIC,"""2009-05-21T00:00:00.000Z""",,"""2021-04-22T00:00:00.000Z""",1887977
136799,136799,,emergency facility,police station,,CORIO POLICE STATION,Corio Police Station,,,107,WCO,"""2021-04-20T00:00:00.000Z""",53028745,-1384142,11,,,VIC,"""2009-05-21T00:00:00.000Z""",,"""2021-04-22T00:00:00.000Z""",1887978
136835,136835,,emergency facility,police station,,CORRYONG POLICE STATION,Corryong Police Station,,,107,ECG,"""2021-04-20T00:00:00.000Z""",53309722,6356,10,,,VIC,"""2009-05-21T00:00:00.000Z""",,"""2021-04-22T00:00:00.000Z""",1887979
136861,136861,,emergency facility,police station,,COWES POLICE STATION,Cowes Police Station,,,107,ECS,"""2021-04-20T00:00:00.000Z""",125076019,6424,10,,,VIC,"""2009-05-21T00:00:00.000Z""",,"""2021-04-22T00:00:00.000Z""",1887980
136874,136874,647011,emergency facility,police station,,CRAIGIEBURN POLICE STATION,Craigieburn Police Station,,,107,NCI,"""2021-04-20T00:00:00.000Z""",51194558,-1384100,11,,,VIC,"""2009-05-21T00:00:00.000Z""",,"""2021-04-22T00:00:00.000Z""",1887981
136884,136884,,emergency facility,police station,,CRANBOURNE POLICE STATION,Cranbourne Police Station,,,107,SCN,"""2021-04-20T00:00:00.000Z""",53151775,6473,10,,,VIC,"""2009-05-21T00:00:00.000Z""",,"""2021-04-22T00:00:00.000Z""",1887982
136908,136908,,emergency facility,police station,,CRESSY POLICE STATION,Cressy Police Station,,,107,WCY,"""2021-04-20T00:00:00.000Z""",123905789,6524,10,,,VIC,"""2009-05-21T00:00:00.000Z""",,"""2021-04-22T00:00:00.000Z""",1887983
136914,136914,,emergency facility,police station,,CRESWICK POLICE STATION,Creswick Police Station,,,107,WCK,"""2021-04-20T00:00:00.000Z""",134124745,6540,10,,,VIC,"""2009-05-21T00:00:00.000Z""",,"""2021-04-22T00:00:00.000Z""",1887984
136932,136932,,emergency facility,police station,,CROYDON POLICE STATION,Croydon Police Station,,,107,ECD,"""2021-04-20T00:00:00.000Z""",150259493,6639,10,,,VIC,"""2009-05-21T00:00:00.000Z""",,"""2021-04-22T00:00:00.000Z""",1887985
136966,136966,,emergency facility,police station,,CULGOA POLICE STATION,Culgoa Police Station,,,107,WCA,"""2021-04-20T00:00:00.000Z""",54178411,6685,10,,,VIC,"""2009-05-21T00:00:00.000Z""",,"""2021-04-22T00:00:00.000Z""",1887986
137030,137030,,emergency facility,police station,,DANDENONG POLICE STATION,Dandenong Police Station,,,107,SDG,"""2021-04-20T00:00:00.000Z""",218991526,6861,10,,,VIC,"""2009-05-21T00:00:00.000Z""",,"""2021-04-22T00:00:00.000Z""",1887987
137075,137075,,emergency facility,police station,,DARTMOOR POLICE STATION,Dartmoor Police Station,,,107,WDT,"""2021-04-20T00:00:00.000Z""",134117428,6970,10,,,VIC,"""2009-05-21T00:00:00.000Z""",,"""2021-04-22T00:00:00.000Z""",1887988
137089,137089,,emergency facility,police station,,DAYLESFORD POLICE STATION,Daylesford Police Station,,,107,WDF,"""2021-04-20T00:00:00.000Z""",128030844,7029,10,,,VIC,"""2009-05-21T00:00:00.000Z""",,"""2021-04-22T00:00:00.000Z""",1887989
137104,137104,,emergency facility,police station,,DEDERANG POLICE STATION,Dederang Police Station,,,107,EDE,"""2021-04-20T00:00:00.000Z""",54388922,7121,10,,,VIC,"""2009-05-21T00:00:00.000Z""",,"""2021-04-22T00:00:00.000Z""",1887990
137176,137176,,emergency facility,police station,,DIAMOND CREEK POLICE STATION,Diamond Creek Police Station,,,107,NDD,"""2021-04-20T00:00:00.000Z""",219067915,7401,10,,,VIC,"""2009-05-21T00:00:00.000Z""",,"""2021-04-22T00:00:00.000Z""",1887991
137193,137193,,emergency facility,police station,,DIMBOOLA POLICE STATION,Dimboola Police Station,,,107,WDB,"""2021-04-20T00:00:00.000Z""",52232390,7470,10,,,VIC,"""2009-05-21T00:00:00.000Z""",,"""2021-04-22T00:00:00.000Z""",1887992
137231,137231,,emergency facility,police station,,DONALD POLICE STATION,Donald Police Station,,,107,WDO,"""2021-04-20T00:00:00.000Z""",54145593,7664,10,,,VIC,"""2009-05-21T00:00:00.000Z""",,"""2021-04-22T00:00:00.000Z""",1887993
137238,137238,,emergency facility,police station,,DONCASTER POLICE STATION,Doncaster Police Station,,,107,EDC,"""2021-04-20T00:00:00.000Z""",52125638,7681,10,,,VIC,"""2009-05-21T00:00:00.000Z""",,"""2021-04-22T00:00:00.000Z""",1887994
137251,137251,,emergency facility,police station,,DOOKIE POLICE STATION,Dookie Police Station,,,107,EDI,"""2021-04-20T00:00:00.000Z""",134122568,7733,10,,,VIC,"""2009-05-21T00:00:00.000Z""",,"""2021-04-22T00:00:00.000Z""",1887995
137283,137283,,emergency facility,police station,,DROMANA POLICE STATION,Dromana Police Station,,,107,SDA,"""2021-04-20T00:00:00.000Z""",53632586,7851,10,,,VIC,"""2009-05-21T00:00:00.000Z""",,"""2021-04-22T00:00:00.000Z""",1887996
137291,137291,,emergency facility,police station,,DROUIN POLICE STATION,Drouin Police Station,,,107,EDR,"""2021-04-20T00:00:00.000Z""",52117161,7866,10,,,VIC,"""2009-05-21T00:00:00.000Z""",,"""2021-04-22T00:00:00.000Z""",1887997
137306,137306,,emergency facility,police station,,DRYSDALE POLICE STATION,Drysdale Police Station,,,107,WDS,"""2021-04-20T00:00:00.000Z""",53172605,7952,10,,,VIC,"""2009-05-21T00:00:00.000Z""",,"""2021-04-22T00:00:00.000Z""",1887998
137328,137328,,emergency facility,police station,,DUNKELD POLICE STATION,Dunkeld Police Station,,,107,WDK,"""2021-04-20T00:00:00.000Z""",54240838,8047,10,,,VIC,"""2009-05-21T00:00:00.000Z""",,"""2021-04-22T00:00:00.000Z""",1887999
137337,137337,,emergency facility,police station,,DUNOLLY POLICE STATION,Dunolly Police Station,,,107,WDY,"""2021-04-20T00:00:00.000Z""",54250911,8083,10,,,VIC,"""2009-05-21T00:00:00.000Z""",,"""2021-04-22T00:00:00.000Z""",1888000
137416,137416,,emergency facility,police station,,ECHUCA POLICE STATION,Echuca Police Station,,,107,WEC,"""2021-04-20T00:00:00.000Z""",53966260,8299,10,,,VIC,"""2009-05-21T00:00:00.000Z""",,"""2021-04-22T00:00:00.000Z""",1888001
137442,137442,,emergency facility,police station,,EDENHOPE POLICE STATION,Edenhope Police Station,,,107,WEP,"""2021-04-20T00:00:00.000Z""",54279625,8335,10,,,VIC,"""2009-05-21T00:00:00.000Z""",,"""2021-04-22T00:00:00.000Z""",1888002
137471,137471,,emergency facility,police station,,EILDON POLICE STATION,Eildon Police Station,,,107,EEN,"""2021-04-20T00:00:00.000Z""",53151946,8401,10,,,VIC,"""2009-05-21T00:00:00.000Z""",,"""2021-04-22T00:00:00.000Z""",1888003
137512,137512,,emergency facility,police station,,ELMHURST POLICE STATION,Elmhurst Police Station,,,107,WET,"""2021-04-20T00:00:00.000Z""",134102384,8487,10,,,VIC,"""2009-05-21T00:00:00.000Z""",,"""2021-04-22T00:00:00.000Z""",1888004
137515,137515,,emergency facility,police station,,ELMORE POLICE STATION,Elmore Police Station,,,107,WEM,"""2021-04-20T00:00:00.000Z""",125511507,8498,10,,,VIC,"""2009-05-21T00:00:00.000Z""",,"""2021-04-22T00:00:00.000Z""",1888005
137526,137526,,emergency facility,police station,,ELTHAM POLICE STATION,Eltham Police Station,,,107,NEM,"""2021-04-20T00:00:00.000Z""",50554160,8537,10,,,VIC,"""2009-05-21T00:00:00.000Z""",,"""2021-04-22T00:00:00.000Z""",1888006
137539,137539,,emergency facility,police station,,EMERALD POLICE STATION,Emerald Police Station,,,107,SED,"""2021-04-20T00:00:00.000Z""",421714395,8559,10,,,VIC,"""2009-05-21T00:00:00.000Z""",,"""2021-04-22T00:00:00.000Z""",1888007
137572,137572,78732,emergency facility,police station,,ENDEAVOUR HILLS POLICE STATION,Endeavour Hills Police Station,,,107,SEN,"""2021-04-20T00:00:00.000Z""",422531373,-1384106,11,,,VIC,"""2009-05-21T00:00:00.000Z""",,"""2021-04-22T00:00:00.000Z""",1888008
137581,137581,,emergency facility,police station,,EPPING POLICE STATION,Epping Police Station,,,107,NEP,"""2021-04-20T00:00:00.000Z""",53157685,8639,10,,,VIC,"""2009-05-21T00:00:00.000Z""",,"""2021-04-22T00:00:00.000Z""",1888009
137635,137635,,emergency facility,police station,,EUROA POLICE STATION,Euroa Police Station,,,107,EEU,"""2021-04-20T00:00:00.000Z""",54362672,8748,10,,,VIC,"""2009-05-21T00:00:00.000Z""",,"""2021-04-22T00:00:00.000Z""",1888010
137701,137701,,emergency facility,police station,,FALLS CREEK POLICE STATION,Falls Creek Police Station,,,107,EFA,"""2021-04-20T00:00:00.000Z""",420726200,-1384130,11,,,VIC,"""2009-05-21T00:00:00.000Z""",,"""2021-04-22T00:00:00.000Z""",1888011
144024,144024,693149,emergency facility,police station,,TALLANGATTA POLICE STATION,Tallangatta Police Station,TALLANGATTA FORESHORE RESERVE,,107,ETA,"""2021-04-20T00:00:00.000Z""",125983937,25987,10,,,VIC,"""2009-05-21T00:00:00.000Z""",,"""2021-04-22T00:00:00.000Z""",1888181
144063,144063,,emergency facility,police station,,TANGAMBALANGA POLICE STATION,Tangambalanga Police Station,,,107,ETM,"""2021-04-20T00:00:00.000Z""",54201650,26068,10,,,VIC,"""2009-05-21T00:00:00.000Z""",,"""2021-04-22T00:00:00.000Z""",1888182
144106,144106,,emergency facility,police station,,TARNAGULLA POLICE STATION,Tarnagulla Police Station,,,107,WTG,"""2021-04-20T00:00:00.000Z""",54212700,26141,10,,,VIC,"""2009-05-21T00:00:00.000Z""",,"""2021-04-22T00:00:00.000Z""",1888183
144133,144133,,emergency facility,police station,,TATURA POLICE STATION,Tatura Police Station,,,107,ETT,"""2021-04-20T00:00:00.000Z""",54744725,26243,10,,,VIC,"""2009-05-21T00:00:00.000Z""",,"""2021-04-22T00:00:00.000Z""",1888184
144185,144185,,emergency facility,police station,,TERANG POLICE STATION,Terang Police Station,,,107,WTN,"""2021-04-20T00:00:00.000Z""",53983439,26431,10,,,VIC,"""2009-05-21T00:00:00.000Z""",,"""2021-04-22T00:00:00.000Z""",1888185
612267,612267,,emergency facility,police station,,WEDDERBURN POLICE STATION,Wedderburn Police Station,,,107,WWB,"""2021-04-20T00:00:00.000Z""",52039912,28894,10,,,VIC,"""2009-05-21T00:00:00.000Z""",,"""2021-04-22T00:00:00.000Z""",1888203
612322,612322,,emergency facility,police station,,WERRIBEE POLICE STATION,Werribee Police Station,,,107,NWB,"""2021-04-20T00:00:00.000Z""",53642616,29033,10,,,VIC,"""2009-05-21T00:00:00.000Z""",,"""2021-04-22T00:00:00.000Z""",1888204
144427,144427,,emergency facility,police station,,TIMBOON POLICE STATION,Timboon Police Station,,,107,WTB,"""2021-04-20T00:00:00.000Z""",54261201,27047,10,,,VIC,"""2009-05-21T00:00:00.000Z""",,"""2021-04-22T00:00:00.000Z""",1888186
612333,612333,,emergency facility,police station,,WERRIMULL POLICE STATION,Werrimull Police Station,,,107,WWU,"""2021-04-20T00:00:00.000Z""",134155109,29049,10,,,VIC,"""2009-05-21T00:00:00.000Z""",,"""2021-04-22T00:00:00.000Z""",1888205
612423,612423,,emergency facility,police station,,WHITFIELD POLICE STATION,Whitfield Police Station,,,107,EWF,"""2021-04-20T00:00:00.000Z""",54689192,29336,10,,,VIC,"""2009-05-21T00:00:00.000Z""",,"""2021-04-22T00:00:00.000Z""",1888206
612428,612428,,emergency facility,police station,,WHITTLESEA POLICE STATION,Whittlesea Police Station,,,107,NWS,"""2021-04-20T00:00:00.000Z""",53572136,29352,10,,,VIC,"""2009-05-21T00:00:00.000Z""",,"""2021-04-22T00:00:00.000Z""",1888207
612468,612468,,emergency facility,police station,,WILLAURA POLICE STATION,Willaura Police Station,,,107,WWA,"""2021-04-20T00:00:00.000Z""",54076504,29512,10,,,VIC,"""2009-05-21T00:00:00.000Z""",,"""2021-04-22T00:00:00.000Z""",1888208
612478,612478,,emergency facility,police station,,WILLIAMSTOWN POLICE STATION,Williamstown Police Station,,,107,NWN,"""2021-04-20T00:00:00.000Z""",219009984,29560,10,,,VIC,"""2009-05-21T00:00:00.000Z""",,"""2021-04-22T00:00:00.000Z""",1888209
612548,612548,,emergency facility,police station,,WINCHELSEA POLICE STATION,Winchelsea Police Station,,,107,WWI,"""2021-04-20T00:00:00.000Z""",53045473,29654,10,,,VIC,"""2009-05-21T00:00:00.000Z""",,"""2021-04-22T00:00:00.000Z""",1888210
612674,612674,,emergency facility,police station,,WONTHAGGI POLICE STATION,Wonthaggi Police Station,,,107,EWN,"""2021-04-20T00:00:00.000Z""",54370935,29902,10,,,VIC,"""2009-05-21T00:00:00.000Z""",,"""2021-04-22T00:00:00.000Z""",1888211
612698,612698,,emergency facility,police station,,WOODEND POLICE STATION,Woodend Police Station,,,107,WWD,"""2021-04-20T00:00:00.000Z""",54035663,29942,10,,,VIC,"""2009-05-21T00:00:00.000Z""",,"""2021-04-22T00:00:00.000Z""",1888212
612736,612736,,emergency facility,police station,,WOODS POINT POLICE STATION,Woods Point Police Station,,,107,EWP,"""2021-04-20T00:00:00.000Z""",54392293,29978,10,,,VIC,"""2009-05-21T00:00:00.000Z""",,"""2021-04-22T00:00:00.000Z""",1888213
612763,612763,,emergency facility,police station,,WOOMELANG POLICE STATION,Woomelang Police Station,,,107,WWL,"""2021-04-20T00:00:00.000Z""",53369335,30061,10,,,VIC,"""2009-05-21T00:00:00.000Z""",,"""2021-04-22T00:00:00.000Z""",1888214
144464,144464,,emergency facility,police station,,TONGALA POLICE STATION,Tongala Police Station,,,107,WTO,"""2021-04-20T00:00:00.000Z""",129891146,27197,10,,,VIC,"""2009-05-21T00:00:00.000Z""",,"""2021-04-22T00:00:00.000Z""",1888187
144494,144494,,emergency facility,police station,,TOORA POLICE STATION,Toora Police Station,,,107,ETR,"""2021-04-20T00:00:00.000Z""",54609689,27312,10,,,VIC,"""2009-05-21T00:00:00.000Z""",,"""2021-04-22T00:00:00.000Z""",1888188
612814,612814,,emergency facility,police station,,WYCHEPROOF POLICE STATION,Wycheproof Police Station,,,107,WWH,"""2021-04-20T00:00:00.000Z""",134107895,30226,10,,,VIC,"""2009-05-21T00:00:00.000Z""",,"""2021-04-22T00:00:00.000Z""",1888215
612861,612861,,emergency facility,police station,,YACKANDANDAH POLICE STATION,Yackandandah Police Station,,,107,EYK,"""2021-04-20T00:00:00.000Z""",53277701,30303,10,,,VIC,"""2009-05-21T00:00:00.000Z""",,"""2021-04-22T00:00:00.000Z""",1888216
144518,144518,,emergency facility,police station,,TORQUAY POLICE STATION,Torquay Police Station,,,107,WTQ,"""2021-04-20T00:00:00.000Z""",202644357,27372,10,,,VIC,"""2009-05-21T00:00:00.000Z""",,"""2021-04-22T00:00:00.000Z""",1888189
144537,144537,,emergency facility,police station,,TRAFALGAR POLICE STATION,Trafalgar Police Station,,,107,ETF,"""2021-04-20T00:00:00.000Z""",130945724,27447,10,,,VIC,"""2009-05-21T00:00:00.000Z""",,"""2021-04-22T00:00:00.000Z""",1888190
144547,144547,,emergency facility,police station,,TRARALGON POLICE STATION,Traralgon Police Station,,,107,ETL,"""2021-04-20T00:00:00.000Z""",53743518,27491,10,,,VIC,"""2009-05-21T00:00:00.000Z""",,"""2021-04-22T00:00:00.000Z""",1888191
144573,144573,,emergency facility,police station,,TRENTHAM POLICE STATION,Trentham Police Station,,,107,WTE,"""2021-04-20T00:00:00.000Z""",52141474,27548,10,,,VIC,"""2009-05-21T00:00:00.000Z""",,"""2021-04-22T00:00:00.000Z""",1888192
612914,612914,,emergency facility,police station,,YARRA GLEN POLICE STATION,Yarra Glen Police Station,,,107,EYG,"""2021-04-20T00:00:00.000Z""",430036719,30476,10,,,VIC,"""2009-05-21T00:00:00.000Z""",,"""2021-04-22T00:00:00.000Z""",1888217
144623,144623,,emergency facility,police station,,TUNGAMAH POLICE STATION,Tungamah Police Station,,,107,ETH,"""2021-04-20T00:00:00.000Z""",54404137,27646,10,,,VIC,"""2009-05-21T00:00:00.000Z""",,"""2021-04-22T00:00:00.000Z""",1888193
612917,612917,,emergency facility,police station,,YARRA JUNCTION POLICE STATION,Yarra Junction Police Station,,,107,EYJ,"""2021-04-20T00:00:00.000Z""",53353644,30480,10,,,VIC,"""2009-05-21T00:00:00.000Z""",,"""2021-04-22T00:00:00.000Z""",1888218
612941,612941,,emergency facility,police station,,YARRAM POLICE STATION,Yarram Police Station,,,107,EYM,"""2021-04-20T00:00:00.000Z""",53259246,30527,10,,,VIC,"""2009-05-21T00:00:00.000Z""",,"""2021-04-22T00:00:00.000Z""",1888219
144673,144673,,emergency facility,police station,,UNDERBOOL POLICE STATION,Underbool Police Station,,,107,WUB,"""2021-04-20T00:00:00.000Z""",134156779,27872,10,,,VIC,"""2009-05-21T00:00:00.000Z""",,"""2021-04-22T00:00:00.000Z""",1888194
612962,612962,,emergency facility,police station,,YARRAWONGA POLICE STATION,Yarrawonga Police Station,,,107,EYW,"""2021-04-20T00:00:00.000Z""",126257014,30573,10,,,VIC,"""2009-05-21T00:00:00.000Z""",,"""2021-04-22T00:00:00.000Z""",1888220
611982,611982,,emergency facility,police station,,VIOLET TOWN POLICE STATION,Violet Town Police Station,,,107,EVT,"""2021-04-20T00:00:00.000Z""",54736580,28111,10,,,VIC,"""2009-05-21T00:00:00.000Z""",,"""2021-04-22T00:00:00.000Z""",1888195
612977,612977,,emergency facility,police station,,YEA POLICE STATION,Yea Police Station,,,107,EYA,"""2021-04-20T00:00:00.000Z""",54130840,30622,10,,,VIC,"""2009-05-21T00:00:00.000Z""",,"""2021-04-22T00:00:00.000Z""",1888221
612034,612034,764426,emergency facility,police station,,WALLAN POLICE STATION,Wallan Police Station,HADFIELD PARK,,107,EWA,"""2021-04-20T00:00:00.000Z""",53865103,28317,10,,,VIC,"""2009-05-21T00:00:00.000Z""",,"""2021-04-22T00:00:00.000Z""",1888196
612054,612054,,emergency facility,police station,,WALWA POLICE STATION,Walwa Police Station,,,107,EWW,"""2021-04-20T00:00:00.000Z""",54367323,28381,10,,,VIC,"""2009-05-21T00:00:00.000Z""",,"""2021-04-22T00:00:00.000Z""",1888197
685753,685753,,emergency facility,police station,,BOX HILL POLICE STATION,Box Hill Police Station,,,107,EBH,"""2021-04-20T00:00:00.000Z""",5187,3198,10,,,VIC,"""2010-05-03T00:00:00.000Z""",,"""2021-04-22T00:00:00.000Z""",1888222
612091,612091,,emergency facility,police station,,WANGARATTA POLICE STATION,Wangaratta Police Station,,,107,EWT,"""2021-04-20T00:00:00.000Z""",53864295,28444,10,,,VIC,"""2009-05-21T00:00:00.000Z""",,"""2021-04-22T00:00:00.000Z""",1888198
612125,612125,,emergency facility,police station,,WARBURTON POLICE STATION,Warburton Police Station,,,107,EWR,"""2021-04-20T00:00:00.000Z""",210748347,-1384123,11,,,VIC,"""2009-05-21T00:00:00.000Z""",,"""2021-04-22T00:00:00.000Z""",1888199
612171,612171,,emergency facility,police station,,WARRANDYTE POLICE STATION,Warrandyte Police Station,,,107,EWY,"""2021-04-20T00:00:00.000Z""",53656695,28616,10,,,VIC,"""2009-05-21T00:00:00.000Z""",,"""2021-04-22T00:00:00.000Z""",1888201
765066,765066,,emergency facility,police station,,BAYSIDE POLICE STATION,Bayside Police Station,,,107,SBY,"""2021-04-20T00:00:00.000Z""",53632853,-1384109,11,,,VIC,"""2010-09-16T00:00:00.000Z""",,"""2021-04-22T00:00:00.000Z""",1888224
765068,765068,,emergency facility,police station,,CARRUM DOWNS POLICE STATION,Carrum Downs Police Station,,,107,SCD,"""2021-04-20T00:00:00.000Z""",420172914,-1384132,11,,,VIC,"""2010-09-16T00:00:00.000Z""",,"""2021-04-22T00:00:00.000Z""",1888225
612199,612199,,emergency facility,police station,,WARRNAMBOOL POLICE STATION,Warrnambool Police Station,,,107,WWR,"""2021-04-20T00:00:00.000Z""",53161362,28680,10,,,VIC,"""2009-05-21T00:00:00.000Z""",,"""2021-04-22T00:00:00.000Z""",1888202
995657,995657,,emergency facility,police station,,BALLARAT NORTH POLICE STATION,Ballarat North Police Station,,,107,WNB,"""2021-04-20T00:00:00.000Z""",54724869,-1384125,11,,,VIC,"""2013-10-04T00:00:00.000Z""",,"""2021-04-22T00:00:00.000Z""",1888235
1003958,1003958,,emergency facility,police station,,WAURN PONDS POLICE STATION,Waurn Ponds Police Station,,,107,WWP,"""2021-04-20T00:00:00.000Z""",422952573,-1400575,11,,,VIC,"""2014-10-13T00:00:00.000Z""",,"""2021-04-22T00:00:00.000Z""",1888237
765073,765073,70113,emergency facility,police station,,LOCH SPORT POLICE STATION,Loch Sport Police Station,CHARLES STREET RESERVE,,107,ELS,"""2021-04-20T00:00:00.000Z""",134478303,-1384131,11,,,VIC,"""2010-09-16T00:00:00.000Z""",,"""2021-04-22T00:00:00.000Z""",1888227
1138304,1138304,647769,emergency facility,police station,,FOREST HILL POLICE STATION,Forest Hill Police Station,,,107,EFH,"""2021-04-20T00:00:00.000Z""",423754097,-1675235,11,,,VIC,"""2016-06-16T00:00:00.000Z""",,"""2021-04-22T00:00:00.000Z""",1888238
765075,765075,75333,emergency facility,police station,,MARYSVILLE POLICE STATION,Marysville Police Station,GALLIPOLI PARK,,107,EMV,"""2021-04-20T00:00:00.000Z""",221346329,16302,10,,,VIC,"""2010-09-16T00:00:00.000Z""",,"""2021-04-22T00:00:00.000Z""",1888228
1138305,1138305,,emergency facility,police station,,SOUTHBANK POLICE STATION,Southbank Police Station,,,107,NSO,"""2021-04-20T00:00:00.000Z""",219059702,-1675236,11,,,VIC,"""2016-06-16T00:00:00.000Z""",,"""2021-04-22T00:00:00.000Z""",1888239
1142654,1142654,,emergency facility,police station,,BALLARAT WEST POLICE STATION,Ballarat West Police Station,,,107,WBW,"""2021-04-20T00:00:00.000Z""",420744450,-1684223,11,,,VIC,"""2016-10-13T00:00:00.000Z""",,"""2021-04-22T00:00:00.000Z""",1888240
765077,765077,,emergency facility,police station,,MELBOURNE NORTH POLICE STATION,Melbourne North Police Station,,,107,NMN,"""2021-04-20T00:00:00.000Z""",207501232,-1384102,11,,,VIC,"""2010-09-16T00:00:00.000Z""",,"""2021-04-22T00:00:00.000Z""",1888230
1180175,1180175,,emergency facility,police station,,MERNDA POLICE STATION,Mernda Police Station,,,107,NDA,"""2021-04-20T00:00:00.000Z""",422844701,-1765570,11,,,VIC,"""2018-05-14T00:00:00.000Z""",,"""2021-04-22T00:00:00.000Z""",1888241
765080,765080,,emergency facility,police station,,POLICE AIRWING POLICE STATION,Police Airwing Police Station,,,107,,"""2021-04-20T00:00:00.000Z""",432356276,-1384116,11,,,VIC,"""2010-09-16T00:00:00.000Z""",,"""2021-04-22T00:00:00.000Z""",1888232
765086,765086,,emergency facility,police station,,WYNDHAM NORTH POLICE STATION,Wyndham North Police Station,,,107,NWM,"""2021-04-20T00:00:00.000Z""",212449928,-1384133,11,,,VIC,"""2010-09-16T00:00:00.000Z""",,"""2021-04-22T00:00:00.000Z""",1888233
1256095,1256095,,emergency facility,police station,,ALTONA POLICE STATION,Altona Police Station,,,107,NAL,"""2021-04-20T00:00:00.000Z""",432379509,-1926270,11,,,VIC,"""2020-06-15T00:00:00.000Z""",,"""2021-04-22T00:00:00.000Z""",1888242
612152,612152,,emergency facility,police station,,WARRAGUL POLICE STATION,Warragul Police Station,,,107,EWG,"""2021-04-20T00:00:00.000Z""",51411335,28591,10,,,VIC,"""2009-05-21T00:00:00.000Z""",,"""2021-04-22T00:00:00.000Z""",1888243
612626,612626,,emergency facility,police station,,WODONGA POLICE STATION,Wodonga Police Station,,,107,EWO,"""2021-04-20T00:00:00.000Z""",134178653,29791,10,,,VIC,"""2009-05-21T00:00:00.000Z""",,"""2021-04-22T00:00:00.000Z""",1888244
995659,995659,,emergency facility,police station,,WATER POLICE/SEARCH AND RESCUE POLICE STATION,Water Police/Search And Rescue Police Station,,,107,,"""2021-04-20T00:00:00.000Z""",219009984,-1384135,11,,,VIC,"""2013-10-04T00:00:00.000Z""",,"""2021-04-22T00:00:00.000Z""",1888248
995660,995660,,emergency facility,police station,,MELBOURNE AIRPORT POLICE STATION,Melbourne Airport Police Station,,,107,NMA,"""2021-04-20T00:00:00.000Z""",423818792,-1384114,11,,,VIC,"""2013-10-04T00:00:00.000Z""",,"""2021-04-22T00:00:00.000Z""",1888249
140522,140522,,emergency facility,police station,,MELBOURNE WEST POLICE STATION,Melbourne West Police Station,,,107,NMW,"""2021-04-20T00:00:00.000Z""",422027062,-1384113,11,,,VIC,"""2009-05-21T00:00:00.000Z""",,"""2021-04-22T00:00:00.000Z""",1888253
140939,140939,,emergency facility,police station,,MORWELL POLICE STATION,Morwell Police Station,,,107,EML,"""2021-04-20T00:00:00.000Z""",134154247,17814,10,,,VIC,"""2009-05-21T00:00:00.000Z""",,"""2021-04-22T00:00:00.000Z""",1888254
135054,135054,,emergency facility,police station,,BAIRNSDALE POLICE STATION,Bairnsdale Police Station,,,107,EBL,"""2021-04-20T00:00:00.000Z""",54340035,897,10,,,VIC,"""2009-05-21T00:00:00.000Z""",,"""2021-04-22T00:00:00.000Z""",1888255
135732,135732,,emergency facility,police station,,BORONIA POLICE STATION,Boronia Police Station,,,107,EBO,"""2021-04-20T00:00:00.000Z""",50363438,3040,10,,,VIC,"""2009-05-21T00:00:00.000Z""",,"""2021-04-22T00:00:00.000Z""",1888256
139806,139806,,emergency facility,police station,,LANDSBOROUGH POLICE STATION,Landsborough Police Station,,,107,WLD,"""2021-04-20T00:00:00.000Z""",,14579,10,,,VIC,"""2009-05-21T00:00:00.000Z""",,"""2021-11-02T00:00:00.000Z""",1954094
139945,139945,,emergency facility,police station,,LEXTON POLICE STATION,Lexton Police Station,,,107,WLX,"""2021-04-20T00:00:00.000Z""",,14909,10,,,VIC,"""2009-05-21T00:00:00.000Z""",,"""2021-11-02T00:00:00.000Z""",1954095
612141,612141,,emergency facility,police station,,WARRACKNABEAL POLICE STATION,Warracknabeal Police Station,,,107,WWK,"""2021-04-20T00:00:00.000Z""",,28575,10,,,VIC,"""2009-05-21T00:00:00.000Z""",,"""2021-11-02T00:00:00.000Z""",1954098
140025,140025,,emergency facility,police station,,LOCH POLICE STATION,Loch Police Station,,,107,ELC,"""2021-04-20T00:00:00.000Z""",134164533,15308,10,,,VIC,"""2009-05-21T00:00:00.000Z""",,"""2021-05-25T00:00:00.000Z""",1901094
140244,140244,,emergency facility,police station,,MALDON POLICE STATION,Maldon Police Station,,,107,WMD,"""2021-04-20T00:00:00.000Z""",53874840,16004,10,,,VIC,"""2009-05-21T00:00:00.000Z""",,"""2021-05-25T00:00:00.000Z""",1901095